/*
Navicat MySQL Data Transfer

Source Server         : localhost
Source Server Version : 50621
Source Host           : localhost:3306
Source Database       : wex5

Target Server Type    : MYSQL
Target Server Version : 50621
File Encoding         : 65001

Date: 2016-05-11 03:01:16
*/

SET FOREIGN_KEY_CHECKS=0;

-- ----------------------------
-- Table structure for `w_action_node`
-- ----------------------------
DROP TABLE IF EXISTS `w_action_node`;
CREATE TABLE `w_action_node` (
  `id` int(10) unsigned NOT NULL AUTO_INCREMENT,
  `pid` int(10) unsigned NOT NULL DEFAULT '0' COMMENT '所属父节点',
  `name` varchar(20) CHARACTER SET utf8 NOT NULL COMMENT '导航节点的名称',
  `url` varchar(255) CHARACTER SET utf8 NOT NULL COMMENT '导航的url',
  `level` tinyint(1) unsigned NOT NULL DEFAULT '0' COMMENT '1-顶部菜单,2-左侧主节点,3-左侧子节点',
  `icon_class` varchar(50) CHARACTER SET utf8 NOT NULL DEFAULT 'icon-none' COMMENT '导航节点的小图标',
  `sort_id` int(10) unsigned NOT NULL DEFAULT '0' COMMENT '排序值',
  `is_menu` tinyint(1) unsigned NOT NULL DEFAULT '0' COMMENT '是否为菜单',
  `is_show` tinyint(1) unsigned NOT NULL DEFAULT '1' COMMENT '菜单是否显示',
  PRIMARY KEY (`id`)
) ENGINE=InnoDB AUTO_INCREMENT=203 DEFAULT CHARSET=utf8 COLLATE=utf8_unicode_ci ROW_FORMAT=COMPACT COMMENT='后台操作节点';

-- ----------------------------
-- Records of w_action_node
-- ----------------------------
INSERT INTO `w_action_node` VALUES ('1', '0', '学习管理', '/', '1', 'icon-none', '1', '1', '1');
INSERT INTO `w_action_node` VALUES ('6', '0', '用户管理', '/', '1', 'icon-none', '8', '1', '1');
INSERT INTO `w_action_node` VALUES ('8', '0', '系统设置', '/', '1', 'icon-none', '9', '1', '1');
INSERT INTO `w_action_node` VALUES ('11', '1', '操作', '/', '2', 'icon-accept', '0', '1', '1');
INSERT INTO `w_action_node` VALUES ('19', '8', '管理员设置', '/', '2', 'icon-accept', '0', '1', '1');
INSERT INTO `w_action_node` VALUES ('22', '19', '角色管理', 'admin/role', '3', 'icon-none', '3', '1', '1');
INSERT INTO `w_action_node` VALUES ('23', '19', '节点管理', 'admin/action_node', '3', 'icon-none', '4', '1', '1');
INSERT INTO `w_action_node` VALUES ('83', '88', '用户列表', 'user/list', '3', 'icon-none', '2', '1', '1');
INSERT INTO `w_action_node` VALUES ('84', '88', '修改密码', 'user/change_pass', '3', 'icon-none', '3', '1', '1');
INSERT INTO `w_action_node` VALUES ('86', '89', '学校管理', 'basic/list', '3', 'icon-none', '0', '1', '1');
INSERT INTO `w_action_node` VALUES ('88', '6', '操作', '/', '2', 'icon-accept', '0', '1', '1');
INSERT INTO `w_action_node` VALUES ('89', '3', '操作', '/', '2', 'icon-accept', '0', '1', '1');
INSERT INTO `w_action_node` VALUES ('102', '28', '评论', 'thesis/list_comments', '4', '', '1', '1', '0');
INSERT INTO `w_action_node` VALUES ('114', '93', '搜索', 'project/list_department', '4', '', '0', '1', '0');
INSERT INTO `w_action_node` VALUES ('116', '93', '归属处室', 'project/up', '4', '', '1', '1', '0');
INSERT INTO `w_action_node` VALUES ('120', '86', '编辑', 'basic/list_edit', '4', '', '2', '1', '0');
INSERT INTO `w_action_node` VALUES ('126', '83', '增加', 'user/add', '4', '', '0', '1', '0');
INSERT INTO `w_action_node` VALUES ('127', '83', '详情', 'user/detail', '4', '', '1', '1', '0');
INSERT INTO `w_action_node` VALUES ('128', '83', '编辑', 'user/edit', '4', '', '2', '1', '0');
INSERT INTO `w_action_node` VALUES ('129', '83', '删除', 'user/deletes', '4', '', '3', '1', '0');
INSERT INTO `w_action_node` VALUES ('132', '86', '新增', 'basic/list_add', '4', '', '1', '1', '0');
INSERT INTO `w_action_node` VALUES ('135', '89', '学院管理', 'basic/college', '3', '', '1', '1', '1');
INSERT INTO `w_action_node` VALUES ('136', '89', '专业管理', 'basic/major', '3', '', '2', '1', '1');
INSERT INTO `w_action_node` VALUES ('137', '89', '职称管理', 'basic/title', '3', '', '3', '1', '1');
INSERT INTO `w_action_node` VALUES ('139', '89', '关于网站', 'basic/link', '3', '', '5', '1', '1');
INSERT INTO `w_action_node` VALUES ('140', '28', '送审', 'thesis/list_up', '4', '', '0', '1', '0');
INSERT INTO `w_action_node` VALUES ('143', '135', '增加', 'basic/college_add', '4', '', '1', '1', '0');
INSERT INTO `w_action_node` VALUES ('145', '135', '编辑', 'basic/college_edit', '4', '', '3', '1', '0');
INSERT INTO `w_action_node` VALUES ('148', '136', '新增', 'basic/major_add', '4', '', '1', '1', '0');
INSERT INTO `w_action_node` VALUES ('150', '136', '编辑', 'basic/major_edit', '4', '', '3', '1', '0');
INSERT INTO `w_action_node` VALUES ('153', '137', '新增', 'basic/title_add', '4', '', '1', '1', '0');
INSERT INTO `w_action_node` VALUES ('154', '137', '编辑', 'basic/title_edit', '4', '', '2', '1', '0');
INSERT INTO `w_action_node` VALUES ('156', '11', '视频列表', 'video/list', '3', '', '2', '1', '1');
INSERT INTO `w_action_node` VALUES ('164', '162', '操作', '/', '2', '', '0', '1', '1');
INSERT INTO `w_action_node` VALUES ('165', '164', '待派论文', 'thesis/list_unreceive', '3', '', '0', '1', '1');
INSERT INTO `w_action_node` VALUES ('166', '163', '操作', '/', '2', '', '0', '1', '1');
INSERT INTO `w_action_node` VALUES ('167', '166', '公共平台', 'thesis/list_public', '3', '', '0', '1', '1');
INSERT INTO `w_action_node` VALUES ('169', '168', '操作', '/', '2', '', '0', '1', '1');
INSERT INTO `w_action_node` VALUES ('170', '169', '待派论文', 'thesis/list_unreceive_admin', '3', '', '0', '1', '1');
INSERT INTO `w_action_node` VALUES ('171', '169', '公共平台论文', 'thesis/list_public_admin', '3', '', '1', '1', '1');
INSERT INTO `w_action_node` VALUES ('173', '0', '首页管理', '/', '1', '', '0', '1', '1');
INSERT INTO `w_action_node` VALUES ('174', '173', '操作', '/', '2', '', '0', '1', '1');
INSERT INTO `w_action_node` VALUES ('175', '174', '轮播图管理', 'news/image_list', '3', '', '1', '1', '1');
INSERT INTO `w_action_node` VALUES ('176', '174', '新闻资讯', 'news/list', '3', '', '0', '1', '1');
INSERT INTO `w_action_node` VALUES ('179', '164', '已派论文', 'thesis/list_receive_oto', '3', '', '1', '1', '1');
INSERT INTO `w_action_node` VALUES ('180', '165', '派送', 'thesis/list_up', '4', '', '0', '1', '1');
INSERT INTO `w_action_node` VALUES ('181', '169', '已派论文', 'thesis/list_receive', '3', '', '1', '1', '1');
INSERT INTO `w_action_node` VALUES ('185', '0', '招聘管理', '/', '1', '', '3', '1', '1');
INSERT INTO `w_action_node` VALUES ('186', '185', '操作', '/', '2', '', '0', '1', '1');
INSERT INTO `w_action_node` VALUES ('188', '186', '招聘列表', 'recru/list', '3', '', '0', '1', '1');
INSERT INTO `w_action_node` VALUES ('190', '11', '章节列表', 'chapter/list', '3', '', '0', '1', '1');
INSERT INTO `w_action_node` VALUES ('191', '11', '文档列表', 'text/list', '3', '', '1', '1', '1');
INSERT INTO `w_action_node` VALUES ('192', '174', '活动管理', 'activity/list', '3', '', '2', '1', '1');
INSERT INTO `w_action_node` VALUES ('193', '186', '求职列表', 'resume/list', '3', '', '1', '1', '1');
INSERT INTO `w_action_node` VALUES ('199', '0', '认证管理', '/', '1', '', '5', '1', '1');
INSERT INTO `w_action_node` VALUES ('200', '199', '操作', '/', '2', '', '0', '1', '1');
INSERT INTO `w_action_node` VALUES ('201', '200', '等级管理', 'confirm/list', '3', '', '0', '1', '1');
INSERT INTO `w_action_node` VALUES ('202', '200', '问题管理', 'confirm/question', '3', '', '1', '1', '1');

-- ----------------------------
-- Table structure for `w_activity`
-- ----------------------------
DROP TABLE IF EXISTS `w_activity`;
CREATE TABLE `w_activity` (
  `id` int(10) unsigned NOT NULL AUTO_INCREMENT COMMENT 'activity活动表',
  `image_url` varchar(255) DEFAULT '' COMMENT '图片路径',
  `title` varchar(100) DEFAULT '' COMMENT '标题',
  `content` varchar(255) DEFAULT '' COMMENT '内容',
  `join_number` int(11) DEFAULT '0',
  `all_number` int(11) DEFAULT '0',
  `end_time` int(11) DEFAULT '0' COMMENT '报名截止时间',
  `add_user` int(11) DEFAULT NULL COMMENT '添加用户ID',
  `add_time` int(11) DEFAULT '0' COMMENT '添加时间',
  `status` int(11) DEFAULT '1' COMMENT '状态',
  `sort_number` int(11) DEFAULT NULL,
  PRIMARY KEY (`id`)
) ENGINE=InnoDB AUTO_INCREMENT=9 DEFAULT CHARSET=utf8;

-- ----------------------------
-- Records of w_activity
-- ----------------------------
INSERT INTO `w_activity` VALUES ('2', 'http://localhost:8080/WeX5_data/image/20160427/LEGVhGShcg_!!1023x285.jpg', '33', '312312312', '0', '22', '1461859200', '26917', '1461768726', '1', '11');
INSERT INTO `w_activity` VALUES ('8', 'http://localhost:8080/WeX5_data/image/20160511/lOQMjKNWja_!!360x360.png', '杭州WeX5线下沙龙', '嘿嘿嘿', '0', '200', '1463673600', '26917', '1462903291', '1', '11');

-- ----------------------------
-- Table structure for `w_activity_attend`
-- ----------------------------
DROP TABLE IF EXISTS `w_activity_attend`;
CREATE TABLE `w_activity_attend` (
  `id` int(10) unsigned NOT NULL AUTO_INCREMENT COMMENT 'id，序号',
  `activity_id` int(10) DEFAULT '1' COMMENT '活动id',
  `user_id` int(10) DEFAULT '1' COMMENT '用户id',
  `add_time` int(11) DEFAULT NULL COMMENT '添加时间',
  `status` int(1) DEFAULT '1' COMMENT '数据状态：0不可用，1可用',
  PRIMARY KEY (`id`)
) ENGINE=InnoDB DEFAULT CHARSET=utf8;

-- ----------------------------
-- Records of w_activity_attend
-- ----------------------------

-- ----------------------------
-- Table structure for `w_certification`
-- ----------------------------
DROP TABLE IF EXISTS `w_certification`;
CREATE TABLE `w_certification` (
  `id` int(10) unsigned NOT NULL AUTO_INCREMENT COMMENT 'id，序号',
  `score` int(3) DEFAULT '0' COMMENT '考试分数',
  `user_id` int(10) DEFAULT '1' COMMENT '用户id',
  `level` int(1) DEFAULT '0' COMMENT '开发者等级：0无等级(<60)，1开发小白，2开发进阶，3开发高手，4开发大师',
  `add_time` int(11) DEFAULT NULL COMMENT '添加时间',
  `status` int(1) DEFAULT '1' COMMENT '数据状态：0不可用，1可用',
  PRIMARY KEY (`id`)
) ENGINE=InnoDB DEFAULT CHARSET=utf8;

-- ----------------------------
-- Records of w_certification
-- ----------------------------

-- ----------------------------
-- Table structure for `w_chapter`
-- ----------------------------
DROP TABLE IF EXISTS `w_chapter`;
CREATE TABLE `w_chapter` (
  `id` int(10) unsigned NOT NULL AUTO_INCREMENT,
  `title` varchar(255) DEFAULT '' COMMENT '标题',
  `remark` varchar(255) DEFAULT '' COMMENT '备注',
  `add_time` int(11) DEFAULT NULL,
  `user_id` int(11) NOT NULL,
  `status` int(11) DEFAULT NULL,
  PRIMARY KEY (`id`),
  KEY `用户外键` (`user_id`)
) ENGINE=InnoDB AUTO_INCREMENT=6 DEFAULT CHARSET=utf8;

-- ----------------------------
-- Records of w_chapter
-- ----------------------------
INSERT INTO `w_chapter` VALUES ('1', '第一章 初识WeX5', '介绍最基本的WeX5信息', '1460635628', '26917', '1');
INSERT INTO `w_chapter` VALUES ('2', '第二章 页面组件', '组件介绍', '1460637387', '26917', '1');
INSERT INTO `w_chapter` VALUES ('3', '第三章 页面代码', '页面代码', '1460637406', '26917', '1');
INSERT INTO `w_chapter` VALUES ('4', '第四章 页面样式', '页面样式', '1460637419', '26917', '1');
INSERT INTO `w_chapter` VALUES ('5', '第五章 App开发', 'App开发', '1460637430', '26917', '1');

-- ----------------------------
-- Table structure for `w_comment`
-- ----------------------------
DROP TABLE IF EXISTS `w_comment`;
CREATE TABLE `w_comment` (
  `id` int(11) unsigned NOT NULL AUTO_INCREMENT,
  `user_id` varchar(255) DEFAULT '' COMMENT '用户id,非纯数字id',
  `user_type` int(11) DEFAULT '0' COMMENT '0:No  1:qq  2:微信  3：微博',
  `content` varchar(255) DEFAULT '' COMMENT '内容',
  `comment_id` int(11) DEFAULT NULL COMMENT '回复的内容的id ',
  `type` int(11) DEFAULT NULL COMMENT '0:新闻  1：视频',
  `like_number` int(11) DEFAULT '0' COMMENT '点赞数',
  `add_time` int(11) DEFAULT NULL,
  PRIMARY KEY (`id`)
) ENGINE=InnoDB AUTO_INCREMENT=71 DEFAULT CHARSET=utf8;

-- ----------------------------
-- Records of w_comment
-- ----------------------------
INSERT INTO `w_comment` VALUES ('10', '26923', '0', '楼下都是傻逼', '8', '0', '1', '1461335846');
INSERT INTO `w_comment` VALUES ('13', '5FB51D5B5D9EC6B77578E79B9460740C', '1', '明天早起去下沙！', '3', '0', '0', '1461339657');
INSERT INTO `w_comment` VALUES ('14', '5FB51D5B5D9EC6B77578E79B9460740C', '1', '今天白去下沙了.....', '4', '0', '0', '1461389441');
INSERT INTO `w_comment` VALUES ('16', '644BD51EB1C15DD821D28E52AB6ABC78', '1', '有趣的app', '4', '0', '0', '1461394502');
INSERT INTO `w_comment` VALUES ('19', '5FB51D5B5D9EC6B77578E79B9460740C', '1', '为什么会出错啊？？', '3', '0', '0', '1461394987');
INSERT INTO `w_comment` VALUES ('22', '5FB51D5B5D9EC6B77578E79B9460740C', '1', '神烦BUG', '11', '0', '0', '1461396281');
INSERT INTO `w_comment` VALUES ('28', '26923', '0', '讲道理，WeX5真好玩', '4', '0', '0', '1461403706');
INSERT INTO `w_comment` VALUES ('52', '26923', '0', '一次有趣的回帖', '9', '0', '0', '1461417429');
INSERT INTO `w_comment` VALUES ('58', '5FB51D5B5D9EC6B77578E79B9460740C', '1', '互相伤害啊', '8', '0', '0', '1461419472');
INSERT INTO `w_comment` VALUES ('65', '5FB51D5B5D9EC6B77578E79B9460740C', '1', '心疼自己', '8', '0', '0', '1461421380');
INSERT INTO `w_comment` VALUES ('66', '5FB51D5B5D9EC6B77578E79B9460740C', '1', 'WeX5还是蛮安全的嘛', '9', '0', '0', '1461421490');
INSERT INTO `w_comment` VALUES ('67', 'F4CFD01A7A18DB6C30FD94964352D5C5', '1', '楼上也是满强的啊', '8', '0', '0', '1461421717');
INSERT INTO `w_comment` VALUES ('68', 'B488998BF5CB6685223F02E49D0D7A1F', '1', '心态决定命运', '8', '0', '0', '1461422627');
INSERT INTO `w_comment` VALUES ('69', '644BD51EB1C15DD821D28E52AB6ABC78', '1', '屌丝网管签到!', '8', '0', '0', '1461422895');
INSERT INTO `w_comment` VALUES ('70', 'B488998BF5CB6685223F02E49D0D7A1F', '1', '愿天堂没有bug！！', '11', '0', '0', '1461460760');

-- ----------------------------
-- Table structure for `w_developer_info`
-- ----------------------------
DROP TABLE IF EXISTS `w_developer_info`;
CREATE TABLE `w_developer_info` (
  `id` int(10) unsigned NOT NULL AUTO_INCREMENT COMMENT 'id，序号',
  `info_id` int(10) DEFAULT '1' COMMENT '视频id',
  `user_id` int(10) DEFAULT '1' COMMENT '用户id',
  `add_time` int(11) DEFAULT NULL COMMENT '添加时间',
  `status` int(1) DEFAULT '1' COMMENT '求职信息状态：0暂无状态，1开发商招纳，2同意招纳',
  PRIMARY KEY (`id`)
) ENGINE=InnoDB DEFAULT CHARSET=utf8;

-- ----------------------------
-- Records of w_developer_info
-- ----------------------------

-- ----------------------------
-- Table structure for `w_get_person`
-- ----------------------------
DROP TABLE IF EXISTS `w_get_person`;
CREATE TABLE `w_get_person` (
  `id` int(10) unsigned NOT NULL AUTO_INCREMENT COMMENT 'id，序号',
  `company_id` int(10) DEFAULT '1' COMMENT '公司id',
  `developer_id` int(10) DEFAULT '1' COMMENT '开发者id',
  `add_time` int(11) DEFAULT '0' COMMENT '添加时间',
  `status` int(1) DEFAULT '1' COMMENT '招纳开发者的状态：0不同意，1同意，2等待处理',
  PRIMARY KEY (`id`)
) ENGINE=InnoDB DEFAULT CHARSET=utf8;

-- ----------------------------
-- Records of w_get_person
-- ----------------------------

-- ----------------------------
-- Table structure for `w_job_collect`
-- ----------------------------
DROP TABLE IF EXISTS `w_job_collect`;
CREATE TABLE `w_job_collect` (
  `id` int(10) unsigned NOT NULL AUTO_INCREMENT COMMENT 'id,序号',
  `user_id` int(10) DEFAULT '1' COMMENT '用户id',
  `recru_id` int(10) DEFAULT '1' COMMENT '招聘计划id',
  `add_time` int(10) DEFAULT '0' COMMENT '添加时间',
  `status` int(1) DEFAULT '1' COMMENT '状态:1可用0不可用',
  PRIMARY KEY (`id`)
) ENGINE=InnoDB DEFAULT CHARSET=utf8;

-- ----------------------------
-- Records of w_job_collect
-- ----------------------------

-- ----------------------------
-- Table structure for `w_job_record`
-- ----------------------------
DROP TABLE IF EXISTS `w_job_record`;
CREATE TABLE `w_job_record` (
  `id` int(10) unsigned NOT NULL AUTO_INCREMENT COMMENT 'id，序号',
  `job_id` int(10) DEFAULT '1' COMMENT '工作id',
  `user_id` int(10) DEFAULT '1' COMMENT '用户id',
  `add_time` int(11) DEFAULT NULL COMMENT '添加时间',
  `status` int(1) DEFAULT '1' COMMENT '数据状态：0不可用，1可用',
  `job_status` int(1) DEFAULT '1' COMMENT '招聘状态：1等待回复,2面试邀约，3暂不合适',
  PRIMARY KEY (`id`)
) ENGINE=InnoDB DEFAULT CHARSET=utf8;

-- ----------------------------
-- Records of w_job_record
-- ----------------------------

-- ----------------------------
-- Table structure for `w_level`
-- ----------------------------
DROP TABLE IF EXISTS `w_level`;
CREATE TABLE `w_level` (
  `id` int(11) NOT NULL AUTO_INCREMENT COMMENT '认证_等级表',
  `title` varchar(255) DEFAULT NULL,
  `remark` varchar(255) DEFAULT NULL,
  `user_id` int(11) DEFAULT NULL,
  `add_time` int(11) DEFAULT NULL,
  `status` int(11) DEFAULT NULL,
  PRIMARY KEY (`id`)
) ENGINE=InnoDB AUTO_INCREMENT=6 DEFAULT CHARSET=utf8;

-- ----------------------------
-- Records of w_level
-- ----------------------------
INSERT INTO `w_level` VALUES ('2', '入门认证', 'WeX5组成原理，界面简单组件', '26917', '1462895535', '1');
INSERT INTO `w_level` VALUES ('3', '初级认证', 'WeX5常用组件开发', '26917', '1462895559', '1');
INSERT INTO `w_level` VALUES ('4', '中级认证', 'WeX5部署，开发，数据组件', '26917', '1462895579', '1');
INSERT INTO `w_level` VALUES ('5', '高级认证', 'WeX5数据串联，界面得原创开发', '26917', '1462895618', '1');

-- ----------------------------
-- Table structure for `w_news`
-- ----------------------------
DROP TABLE IF EXISTS `w_news`;
CREATE TABLE `w_news` (
  `id` int(10) unsigned NOT NULL AUTO_INCREMENT COMMENT '资讯表',
  `user_id` int(11) DEFAULT NULL COMMENT '上传用户Id',
  `title` varchar(255) DEFAULT NULL COMMENT '资讯标题',
  `content` varchar(20000) DEFAULT NULL,
  `is_image` int(2) NOT NULL DEFAULT '0' COMMENT '是否是轮播图0：不是 1：是',
  `is_new` int(11) DEFAULT '1' COMMENT '是否是最新资讯0：不是 1：是',
  `is_hot` int(2) NOT NULL DEFAULT '1' COMMENT '是否是最热资讯0：不是 1：是',
  `had_look` int(11) DEFAULT '0' COMMENT '已经被看过的次数',
  `image_url` varchar(255) DEFAULT '' COMMENT '图片轮播封面',
  `add_time` int(11) DEFAULT NULL COMMENT '添加时间',
  `status` int(11) DEFAULT '1' COMMENT '是否启用 0：不 1：是',
  `sort_number` int(11) DEFAULT '0' COMMENT '越大新闻越靠前',
  PRIMARY KEY (`id`)
) ENGINE=InnoDB AUTO_INCREMENT=26 DEFAULT CHARSET=utf8;

-- ----------------------------
-- Records of w_news
-- ----------------------------
INSERT INTO `w_news` VALUES ('3', '26917', 'WeX5携崔牛会在杭州成功启动', '<p style=\"color:#747474;line-height:22px;font-family:\" microsoft=\"\" yahei\";font-size:14px;margin-top:0px;margin-bottom:20px;white-space:normal;box-sizing:border-box;\"=\"\"><br />\r\n	</p>\r\n<p microsoft=\"\" yahei\";font-size:14px;margin-top:0px;margin-bottom:20px;white-space:normal;box-sizing:border-box;\"=\"\" style=\"white-space: normal; color: rgb(116, 116, 116); line-height: 22px;\">3月27日，WeX5作为协办方参与了东部软件园（杭州信息科技有限公司的创投园区）承办“智创未来，共享生态”—— 的中国开发者技术生态联盟系列沙龙（杭州站）的活动。本次开发者沙龙活动也是崔牛会2D分会（开发者分会）第一次举办线下的技术分享会。开源中国与51CTO对活动给予了积极支持。3月27日，WeX5作为协办方参与了东部软件园（杭州信息科技有限公司的创投园区）承办“智创未来，共享生态”—— 的中国开发者技术生态联盟系列沙龙（杭州站）的活动。本次开发者沙龙活动也是崔牛会2D分会（开发者分会）第一次举办线下的技术分享会。开源中国与51CTO对活动给予了积极支持。<br />\r\n应邀前来与大家交流的各位业界大佬分享了各自领域内的优秀产品与心得，场面气氛热烈火爆，150人的会场座无虚席，许多来迟一步的小伙伴将会场内外站得水泄不通。本次沙龙全程在网上进行了直播，大受好评。<br />\r\n2016年，WeX5将协助崔牛会2D分会在全国主要城市巡回举办多场开发者沙龙、大会。敬请各地开发者持续关注。\r\n</p>\r\n<p microsoft=\"\" yahei\";font-size:14px;margin-top:0px;margin-bottom:20px;white-space:normal;box-sizing:border-box;\"=\"\" style=\"white-space: normal; line-height: 22px;\"><br />\r\n	</p>\r\n<p microsoft=\"\" yahei\";font-size:14px;margin-top:0px;margin-bottom:20px;white-space:normal;box-sizing:border-box;\"=\"\" style=\"white-space: normal; color: rgb(116, 116, 116); line-height: 22px;\"><a href=\"http://www.wex5.com/wp-content/uploads/2016/03/03-29-02.jpg\" rel=\"attachment wp-att-15922\" style=\"color:#333333;text-decoration:none;box-sizing:border-box;\"><img class=\"size-full wp-image-15922 aligncenter\" alt=\"03-29-02\" src=\"http://www.wex5.com/wp-content/uploads/2016/03/03-29-02.jpg\" width=\"554\" height=\"369\" sizes=\"(max-width: 554px) 100vw, 554px\" srcset=\"http://www.wex5.com/wp-content/uploads/2016/03/03-29-02-300x200.jpg 300w, http://www.wex5.com/wp-content/uploads/2016/03/03-29-02.jpg 554w\" style=\"height:auto;text-align:center;clear:both;margin-right:auto;margin-left:auto;vertical-align:top;display:block;max-width:100%;box-sizing:border-box;\" /></a> \r\n</p>\r\n<p microsoft=\"\" yahei\";font-size:14px;margin-top:30px;margin-right:auto;margin-left:auto;white-space:normal;position:relative;z-index:11;box-sizing:border-box;\"=\"\" style=\"white-space: normal; border: 0px solid rgb(224, 222, 222); height: 1px; color: rgb(116, 116, 116); line-height: 22px; clear: both;\"><span style=\"font-size:32px;\">WeX5干货分享大会</span> \r\n	</p>\r\n<p microsoft=\"\" yahei\";font-size:14px;margin-top:30px;margin-right:auto;margin-left:auto;white-space:normal;position:relative;z-index:11;box-sizing:border-box;\"=\"\" style=\"white-space: normal; border: 0px solid rgb(224, 222, 222); height: 1px; color: rgb(116, 116, 116); line-height: 22px; clear: both;\"><span style=\"font-size:32px;\"><br />\r\n</span> \r\n</p>\r\n<p microsoft=\"\" yahei\";font-size:14px;margin-top:30px;margin-right:auto;margin-left:auto;white-space:normal;position:relative;z-index:11;box-sizing:border-box;\"=\"\" style=\"white-space: normal; border: 0px solid rgb(224, 222, 222); height: 1px; color: rgb(116, 116, 116); line-height: 22px; clear: both;\"><span style=\"font-size:32px;\"><br />\r\n</span> \r\n	</p>\r\n<p microsoft=\"\" yahei\";font-size:14px;margin-top:30px;margin-right:auto;margin-left:auto;white-space:normal;position:relative;z-index:11;box-sizing:border-box;\"=\"\" style=\"white-space: normal; border: 0px solid rgb(224, 222, 222); height: 1px; color: rgb(116, 116, 116); line-height: 22px; clear: both;\"><span style=\"font-size:32px;\"><br />\r\n</span> \r\n</p>\r\n<p microsoft=\"\" yahei\";font-size:14px;margin-top:30px;margin-right:auto;margin-left:auto;white-space:normal;position:relative;z-index:11;box-sizing:border-box;\"=\"\" style=\"white-space: normal; border: 0px solid rgb(224, 222, 222); height: 1px; color: rgb(116, 116, 116); line-height: 22px; clear: both;\"><span style=\"font-size:32px;\"><br />\r\n</span> \r\n	</p>\r\n<p microsoft=\"\" yahei\";font-size:14px;margin-top:30px;margin-right:auto;margin-left:auto;white-space:normal;position:relative;z-index:11;box-sizing:border-box;\"=\"\" style=\"white-space: normal; border: 0px solid rgb(224, 222, 222); height: 1px; color: rgb(116, 116, 116); line-height: 22px; clear: both;\"><br />\r\n</p>\r\n<p microsoft=\"\" yahei\";font-size:14px;margin-top:0px;margin-bottom:20px;white-space:normal;box-sizing:border-box;\"=\"\" style=\"white-space: normal; color: rgb(116, 116, 116); line-height: 22px;\">WeX5开发工具首席技术运营官王洁为大家带来了SPA单页应用模式在WeX5产品中的应用实践分享。王洁持续专注于应用开发工具研究超过10年，是WeX5/BeX5平台设计最早的参与者之一。他的演讲干货十足，激发起开发者们的强烈反响，争相举手与之互动。后因时间原因，为了保证其他嘉宾分享的顺利进行，主持人不得不“强行”中断交流。WeX5开发工具首席技术运营官王洁为大家带来了SPA单页应用模式在WeX5产品中的应用实践分享。王洁持续专注于应用开发工具研究超过10年，是WeX5/BeX5平台设计最早的参与者之一。他的演讲干货十足，激发起开发者们的强烈反响，争相举手与之互动。后因时间原因，为了保证其他嘉宾分享的顺利进行，主持人不得不“强行”中断交流。\r\n	</p>\r\n<p microsoft=\"\" yahei\";font-size:14px;margin-top:0px;margin-bottom:20px;white-space:normal;box-sizing:border-box;=\"\" style=\"white-space: normal; text-align: center; color: rgb(116, 116, 116); line-height: 22px;\"><a href=\"http://www.wex5.com/wp-content/uploads/2016/03/03-29-03.jpg\" rel=\"attachment wp-att-15928\" style=\"color:#333333;text-decoration:none;box-sizing:border-box;\"><img class=\"size-full wp-image-15928 aligncenter\" alt=\"03-29-03\" src=\"http://www.wex5.com/wp-content/uploads/2016/03/03-29-03.jpg\" width=\"481\" height=\"645\" sizes=\"(max-width: 481px) 100vw, 481px\" srcset=\"http://www.wex5.com/wp-content/uploads/2016/03/03-29-03-224x300.jpg 224w, http://www.wex5.com/wp-content/uploads/2016/03/03-29-03.jpg 481w\" style=\"height:auto;clear:both;margin-right:auto;margin-left:auto;vertical-align:top;display:block;max-width:100%;box-sizing:border-box;\" /></a><br style=\"box-sizing:border-box;\" />\r\n（WeX5开发工具首席技术运营官王洁）\r\n</p>\r\n<p microsoft=\"\" yahei\";font-size:14px;margin-top:0px;margin-bottom:20px;white-space:normal;box-sizing:border-box;\"=\"\" style=\"white-space: normal; color: rgb(116, 116, 116); line-height: 22px;\"><a href=\"http://www.wex5.com/wp-content/uploads/2016/03/03-29-04.jpg\" rel=\"attachment wp-att-15930\" style=\"color:#333333;text-decoration:none;box-sizing:border-box;\"><img class=\"size-full wp-image-15930 aligncenter\" alt=\"03-29-04\" src=\"http://www.wex5.com/wp-content/uploads/2016/03/03-29-04.jpg\" width=\"476\" height=\"319\" sizes=\"(max-width: 476px) 100vw, 476px\" srcset=\"http://www.wex5.com/wp-content/uploads/2016/03/03-29-04-300x201.jpg 300w, http://www.wex5.com/wp-content/uploads/2016/03/03-29-04.jpg 476w\" style=\"height:auto;text-align:center;clear:both;margin-right:auto;margin-left:auto;vertical-align:top;display:block;max-width:100%;box-sizing:border-box;\" /></a> \r\n	</p>\r\n<p microsoft=\"\" yahei\";font-size:14px;margin-top:0px;margin-bottom:20px;white-space:normal;box-sizing:border-box;\"=\"\" style=\"white-space: normal; text-align: center; color: rgb(116, 116, 116); line-height: 22px;\">（会场小伙伴踊跃互动）\r\n</p>\r\n<p microsoft=\"\" yahei\";font-size:14px;margin-top:0px;margin-bottom:20px;white-space:normal;box-sizing:border-box;\"=\"\" style=\"white-space: normal; text-align: center; color: rgb(116, 116, 116); line-height: 22px;\"><a href=\"http://www.wex5.com/wp-content/uploads/2016/03/03-29-05.jpg\" rel=\"attachment wp-att-15929\" style=\"color:#333333;text-decoration:none;box-sizing:border-box;\"><img class=\"alignnone size-full wp-image-15929\" alt=\"03-29-05\" src=\"http://www.wex5.com/wp-content/uploads/2016/03/03-29-05.jpg\" width=\"476\" height=\"319\" sizes=\"(max-width: 476px) 100vw, 476px\" srcset=\"http://www.wex5.com/wp-content/uploads/2016/03/03-29-05-300x201.jpg 300w, http://www.wex5.com/wp-content/uploads/2016/03/03-29-05.jpg 476w\" style=\"height:auto;vertical-align:top;max-width:100%;box-sizing:border-box;\" /></a> \r\n	</p>\r\n<p microsoft=\"\" yahei\";font-size:14px;margin-top:0px;margin-bottom:20px;white-space:normal;box-sizing:border-box;\"=\"\" style=\"white-space: normal; text-align: center; color: rgb(116, 116, 116); line-height: 22px;\">（对王洁老师的围堵、咨询延续到了散场之后许久）\r\n</p>\r\n<div>\r\n	<br />\r\n</div>\r\n<p>\r\n	<br />\r\n</p>', '0', '1', '0', '2', 'http://42.96.159.122:8080/WeX5_data/image/20160416/LoGkRjWoVh_!!797x300.png', '1462251896', '1', '3');
INSERT INTO `w_news` VALUES ('4', '26917', 'WeX5被评为新增移动开发工具 NO.1', '<p style=\"box-sizing:border-box;margin-top:0px;margin-bottom:20px;color:#747474;font-family:\'Microsoft Yahei\';font-size:14px;line-height:22px;white-space:normal;\">\r\n	<span style=\"color:#999999;\"></span> \r\n</p>\r\n<p style=\"box-sizing:border-box;margin-top:0px;margin-bottom:20px;color:#747474;font-family:\'Microsoft Yahei\';font-size:14px;line-height:22px;white-space:normal;\">\r\n	<span style=\"color:;\">中国最大的开源技术社区开源中国，近日对2015年新收录的开源软件进行盘点，共有5977款软件列入花名册。根据关注度、活跃程度，开源中国对这些软件进行了评选，并公布了TOP100的榜单。WeX5，在这份总榜单中位列第14，在所有入围的开源移动应用开发工具中排名NO.1！</span> \r\n</p>\r\n<p style=\"box-sizing:border-box;margin-top:0px;margin-bottom:20px;color:#747474;font-family:\'Microsoft Yahei\';font-size:14px;line-height:22px;white-space:normal;\">\r\n	<span style=\"color:;\">开源，被众多开发者视为一种精神。这种精神带来的技术，在过去的几十年间，已被视作创新的关键因素，并不断开发出开源软件。如今，这些开源软件正在试图“接管”整个软件世界。开放源代码管理商Black Duck称，目前全球已经有一百万个不同的开源项目。而Gartner则预测， 在2016年，至少95%的主流IT企业和组织将会直接或间接地在其关键任务方案中使用开源软件。那么，为何开源软件会如此受到企业以及开发者的追捧? 综而述之，主</span><span style=\"box-sizing:border-box;\">要是因为开源软件的以下几个优点：</span> \r\n</p>\r\n<p style=\"box-sizing:border-box;margin-top:0px;margin-bottom:20px;color:#747474;font-family:\'Microsoft Yahei\';font-size:14px;line-height:22px;white-space:normal;\">\r\n	<span style=\"box-sizing:border-box;\"><strong style=\"box-sizing:border-box;\">高质量：</strong></span><span style=\"color:;\">许多开源程序都有很高的质量，如容易设计，高效的编码过程。此外，由于有开发者和用户不断地对其进行功能的添加、修改，问题的解决，导致这些开源软件拥有越来越好的质量，更高的安全性和更少的bug。</span> \r\n</p>\r\n<p style=\"box-sizing:border-box;margin-top:0px;margin-bottom:20px;color:#747474;font-family:\'Microsoft Yahei\';font-size:14px;line-height:22px;white-space:normal;\">\r\n	<span style=\"box-sizing:border-box;\"><strong style=\"box-sizing:border-box;\">快速开发：</strong></span><span style=\"color:;\">传统的软件开发商都在自己的内部创建和开发产品，而开源软件，则有很大的不同——它并不是从零开始，技术爱好者们是在一个共同的基础之上进行再次创新，省略了初期框架的复杂搭建过程。</span> \r\n</p>\r\n<p style=\"box-sizing:border-box;margin-top:0px;margin-bottom:20px;color:#747474;font-family:\'Microsoft Yahei\';font-size:14px;line-height:22px;white-space:normal;\">\r\n	<span style=\"box-sizing:border-box;\"><strong style=\"box-sizing:border-box;\">定制化能力：</strong></span><span style=\"color:;\">企业用户或开发者可以使用开源软件并且进行修改以便适合自己的需求。</span> \r\n</p>\r\n<p style=\"box-sizing:border-box;margin-top:0px;margin-bottom:20px;color:#747474;font-family:\'Microsoft Yahei\';font-size:14px;line-height:22px;white-space:normal;\">\r\n	<span style=\"box-sizing:border-box;\"><strong style=\"box-sizing:border-box;\">强大且免费的技术支持：</strong></span><span style=\"color:;\">开源软件一般是免费的，围绕每一个软件的充满活力的社区提供的技术支持也是免费的。</span> \r\n</p>\r\n<p style=\"box-sizing:border-box;margin-top:0px;margin-bottom:20px;color:#747474;font-family:\'Microsoft Yahei\';font-size:14px;line-height:22px;white-space:normal;\">\r\n	<strong style=\"box-sizing:border-box;\"><span style=\"box-sizing:border-box;\">紧跟当下技术趋势：</span></strong><span style=\"color:;\">互联网的开放造就了开源，在开放的状态下，开发者们对技术进行交流，通过交流产生知识，并将知识快速技术化。而基于这些技术研发出的开源软件，其实是经过众多开发者对未来技术发展趋势进行预判后，产生的结果。而使用这些开源软件的企业或用户，也就紧密的跟随了技术的发展趋势！</span> \r\n</p>\r\n<p style=\"box-sizing:border-box;margin-top:0px;margin-bottom:20px;color:#747474;font-family:\'Microsoft Yahei\';font-size:14px;line-height:22px;white-space:normal;\">\r\n	<strong style=\"box-sizing:border-box;\"><span style=\"box-sizing:border-box;\">作为开源的H5 App开发工具，WeX5是开源软件上述众多优点的鲜活实证：</span></strong><span style=\"color:;\">在质量上，WeX5经过了多达几十万开发者的使用、打磨，使得开发出的应用媲美原生App；开发速度方面，WeX5提供的UI组件、可视化拖拽式设计，大大缩短了开发的时间；技术上，WeX5所使用的是当下技术主流——HTML5……等等优势，让WeX5成为了H5 App开发的优质引擎。自底推出到现在，众多开发者和客户对WeX5给予了充分肯定。更为重要的是，在HTML5不断引爆产业革新的时代下，WeX5势必在技术潮流中重新定义App开发，掀起行业风暴！</span> \r\n</p>\r\n<br />\r\n<span style=\"color:;\"></span>', '0', '1', '1', '42', 'http://42.96.159.122:8080/WeX5_data/image/20160414/BeqAPijANR_!!362x302.png', '1462251814', '1', '1');
INSERT INTO `w_news` VALUES ('6', '26917', 'WeX5携崔牛会在杭州成功启动', '<p style=\"box-sizing:border-box;margin-top:0px;margin-bottom:20px;color:#747474;font-family:\'Microsoft Yahei\';font-size:14px;line-height:22px;white-space:normal;\">\r\n	3月27日，WeX5作为协办方参与了东部软件园（杭州信息科技有限公司的创投园区）承办“智创未来，共享生态”—— 的中国开发者技术生态联盟系列沙龙（杭州站）的活动。本次开发者沙龙活动也是崔牛会2D分会（开发者分会）第一次举办线下的技术分享会。开源中国与51CTO对活动给予了积极支持。\r\n</p>\r\n<p style=\"box-sizing:border-box;margin-top:0px;margin-bottom:20px;color:#747474;font-family:\'Microsoft Yahei\';font-size:14px;line-height:22px;white-space:normal;\">\r\n	应邀前来与大家交流的各位业界大佬分享了各自领域内的优秀产品与心得，场面气氛热烈火爆，150人的会场座无虚席，许多来迟一步的小伙伴将会场内外站得水泄不通。本次沙龙全程在网上进行了直播，大受好评。\r\n</p>\r\n<p style=\"box-sizing:border-box;margin-top:0px;margin-bottom:20px;color:#747474;font-family:\'Microsoft Yahei\';font-size:14px;line-height:22px;white-space:normal;\">\r\n	2016年，WeX5将协助崔牛会2D分会在全国主要城市巡回举办多场开发者沙龙、大会。敬请各地开<span style=\"background-color:;\">发者持续关注。</span> \r\n</p>\r\n<p style=\"box-sizing:border-box;margin-top:0px;margin-bottom:20px;color:#747474;font-family:\'Microsoft Yahei\';font-size:14px;line-height:22px;white-space:normal;\">\r\n	<a href=\"http://www.wex5.com/wp-content/uploads/2016/03/03-29-02.jpg\" rel=\"attachment wp-att-15922\" style=\"box-sizing:border-box;text-decoration:none;color:#333333;\"><img class=\"size-full wp-image-15922 aligncenter\" src=\"http://www.wex5.com/wp-content/uploads/2016/03/03-29-02.jpg\" alt=\"03-29-02\" width=\"554\" height=\"369\" srcset=\"http://www.wex5.com/wp-content/uploads/2016/03/03-29-02-300x200.jpg 300w, http://www.wex5.com/wp-content/uploads/2016/03/03-29-02.jpg 554w\" sizes=\"(max-width: 554px) 100vw, 554px\" style=\"box-sizing:border-box;border-style:none;vertical-align:top;max-width:100%;height:auto;clear:both;display:block;margin-left:auto;margin-right:auto;text-align:center;\" /></a> \r\n</p>\r\n<p style=\"box-sizing:border-box;border:0px solid #E0DEDE;clear:both;position:relative;z-index:11;height:1px;color:#747474;font-family:\'Microsoft Yahei\';font-size:14px;line-height:22px;white-space:normal;margin-left:auto;margin-right:auto;margin-top:30px;\">\r\n	<strong><span style=\"font-size:32px;\">WeX5干货分享引起激烈讨论</span></strong> \r\n</p>\r\n<p style=\"box-sizing:border-box;border:0px solid #E0DEDE;clear:both;position:relative;z-index:11;height:1px;color:#747474;font-family:\'Microsoft Yahei\';font-size:14px;line-height:22px;white-space:normal;margin-left:auto;margin-right:auto;margin-top:30px;\">\r\n	<br />\r\n</p>\r\n<p style=\"box-sizing:border-box;margin-top:0px;margin-bottom:20px;color:#747474;font-family:\'Microsoft Yahei\';font-size:14px;line-height:22px;white-space:normal;\">\r\n	WeX5开发工具首席技术运营官王洁为大家带来了SPA单页应用模式在WeX5产品中的应用实践分享。王洁持续专注于应用开发工具研究超过10年，是WeX5/BeX5平台设计最早的参与者之一。他的演讲干货十足，激发起开发者们的强烈反响，争相举手与之互动。后因时间原因，为了保证其他嘉宾分享的顺利进行，主持人不得不“强行”中断交流。\r\n</p>', '1', '0', '0', '232', 'http://42.96.159.122:8080/WeX5_data/image/20160414/VOGAFSTfVP_!!800x300.jpg', '1461067218', '1', '3');
INSERT INTO `w_news` VALUES ('7', '26917', 'HTML5 app轻架构高性能开发交流会', '4月9日（周六）下午，北京香青园大酒店，WeX5的第一次线下技术交流会暨《HTML5 app轻架构高性能开发交流会》成功举办。WeX5首席技术运营官王洁，从移动产业发展趋势、基本技术逻辑等各个角度详细论证了App开发为何必然走向轻混架构——即H5 App，并就构建高性能H5 App架构几个核心问题进行了深度解密。<br />\r\n<br />\r\n而WeX5暨起步科技CEO马科在现场更是一口气透露了2016年度的11项重大举措，让参会者大呼过瘾！<br />\r\n<br />\r\n本次交流会不但现场人气爆棚，就连临时搭建的网上直播平台也都聚集了超过160名的远程在线观众——据统计，这在同时段IT行业厂商活动的线上直播中处于领先地位。<br />\r\n<br />\r\n参会人员中，大约83.25%为开发者，16.75%为非开发者；而开发者中，开发经验超过5年的约占23.86%，3~5年开发经验的约占11.17%，1~3年开发经验的约占35.03%，开发经验不满1年的约为16.24%。<br />\r\n<br />\r\n<p>\r\n	如此热情场面，要感谢所有参会者的积极支持！\r\n</p>\r\n<p style=\"text-align:center;\">\r\n	<br />\r\n</p>\r\n<p style=\"text-align:center;\">\r\n	&nbsp; &nbsp; 图1两位主持人\r\n</p>\r\n<p style=\"box-sizing:border-box;margin-top:0px;margin-bottom:20px;color:#747474;font-family:\'Microsoft Yahei\';font-size:14px;line-height:22px;white-space:normal;text-align:center;\">\r\n	<a href=\"http://www.wex5.com/wp-content/uploads/2016/04/04-15-02.jpg\" rel=\"attachment wp-att-17268\" style=\"box-sizing:border-box;text-decoration:none;color:#333333;\"><img class=\"alignnone size-full wp-image-17268\" src=\"http://www.wex5.com/wp-content/uploads/2016/04/04-15-02.jpg\" alt=\"04-15-02\" width=\"500\" height=\"350\" srcset=\"http://www.wex5.com/wp-content/uploads/2016/04/04-15-02-300x210.jpg 300w, http://www.wex5.com/wp-content/uploads/2016/04/04-15-02.jpg 500w\" sizes=\"(max-width: 500px) 100vw, 500px\" style=\"box-sizing:border-box;border-style:none;vertical-align:top;max-width:100%;height:auto;\" /></a> \r\n</p>\r\n<p style=\"box-sizing:border-box;margin-top:0px;margin-bottom:20px;color:#747474;font-family:\'Microsoft Yahei\';font-size:14px;line-height:22px;white-space:normal;text-align:center;\">\r\n	<span style=\"color:#000000;\">图2 现场人气火爆</span> \r\n</p>\r\n<p style=\"box-sizing:border-box;margin-top:0px;margin-bottom:20px;color:#747474;font-family:\'Microsoft Yahei\';font-size:14px;line-height:22px;white-space:normal;text-align:center;\">\r\n	<a href=\"http://www.wex5.com/wp-content/uploads/2016/04/04-15-04.png\" rel=\"attachment wp-att-17270\" style=\"box-sizing:border-box;text-decoration:none;color:#333333;\"><img class=\"alignnone size-full wp-image-17270\" src=\"http://www.wex5.com/wp-content/uploads/2016/04/04-15-04.png\" alt=\"04-15-04\" width=\"554\" height=\"412\" srcset=\"http://www.wex5.com/wp-content/uploads/2016/04/04-15-04-300x223.png 300w, http://www.wex5.com/wp-content/uploads/2016/04/04-15-04.png 554w\" sizes=\"(max-width: 554px) 100vw, 554px\" style=\"box-sizing:border-box;border-style:none;vertical-align:top;max-width:100%;height:auto;\" /></a> \r\n</p>\r\n<p style=\"box-sizing:border-box;margin-top:0px;margin-bottom:20px;color:#747474;font-family:\'Microsoft Yahei\';font-size:14px;line-height:22px;white-space:normal;text-align:center;\">\r\n	<a href=\"http://www.wex5.com/wp-content/uploads/2016/04/04-15-05.jpg\" rel=\"attachment wp-att-17271\" style=\"box-sizing:border-box;text-decoration:none;color:#333333;\"><img class=\"alignnone size-full wp-image-17271\" src=\"http://www.wex5.com/wp-content/uploads/2016/04/04-15-05.jpg\" alt=\"04-15-05\" width=\"478\" height=\"58\" srcset=\"http://www.wex5.com/wp-content/uploads/2016/04/04-15-05-300x36.jpg 300w, http://www.wex5.com/wp-content/uploads/2016/04/04-15-05.jpg 478w\" sizes=\"(max-width: 478px) 100vw, 478px\" style=\"box-sizing:border-box;border-style:none;vertical-align:top;max-width:100%;height:auto;\" /></a> \r\n</p>\r\n<p style=\"box-sizing:border-box;margin-top:0px;margin-bottom:20px;color:#747474;font-family:\'Microsoft Yahei\';font-size:14px;line-height:22px;white-space:normal;text-align:center;\">\r\n	图3&nbsp;为何必然走向轻架构App，即H5 App\r\n</p>\r\n<p style=\"box-sizing:border-box;margin-top:0px;margin-bottom:20px;color:#747474;font-family:\'Microsoft Yahei\';font-size:14px;line-height:22px;white-space:normal;text-align:center;\">\r\n	<a href=\"http://www.wex5.com/wp-content/uploads/2016/04/04-15-06.png\" rel=\"attachment wp-att-17276\" style=\"box-sizing:border-box;text-decoration:none;color:#333333;\"><img class=\"alignnone size-full wp-image-17276\" src=\"http://www.wex5.com/wp-content/uploads/2016/04/04-15-06.png\" alt=\"04-15-06\" width=\"340\" height=\"267\" srcset=\"http://www.wex5.com/wp-content/uploads/2016/04/04-15-06-300x236.png 300w, http://www.wex5.com/wp-content/uploads/2016/04/04-15-06.png 340w\" sizes=\"(max-width: 340px) 100vw, 340px\" style=\"box-sizing:border-box;border-style:none;vertical-align:top;max-width:100%;height:auto;\" /></a> \r\n</p>\r\n<p style=\"box-sizing:border-box;margin-top:0px;margin-bottom:20px;color:#747474;font-family:\'Microsoft Yahei\';font-size:14px;line-height:22px;white-space:normal;text-align:center;\">\r\n	图4&nbsp;参会人员构成\r\n</p>\r\n<p style=\"box-sizing:border-box;margin-top:0px;margin-bottom:20px;color:#747474;font-family:\'Microsoft Yahei\';font-size:14px;line-height:22px;white-space:normal;text-align:center;\">\r\n	<a href=\"http://www.wex5.com/wp-content/uploads/2016/04/04-15-03.jpg\" rel=\"attachment wp-att-17269\" style=\"box-sizing:border-box;text-decoration:none;color:#333333;\"><img class=\"alignnone size-full wp-image-17269\" src=\"http://www.wex5.com/wp-content/uploads/2016/04/04-15-03.jpg\" alt=\"04-15-03\" width=\"500\" height=\"350\" srcset=\"http://www.wex5.com/wp-content/uploads/2016/04/04-15-03-300x210.jpg 300w, http://www.wex5.com/wp-content/uploads/2016/04/04-15-03.jpg 500w\" sizes=\"(max-width: 500px) 100vw, 500px\" style=\"box-sizing:border-box;border-style:none;vertical-align:top;max-width:100%;height:auto;\" /></a> \r\n</p>\r\n<p style=\"box-sizing:border-box;margin-top:0px;margin-bottom:20px;color:#747474;font-family:\'Microsoft Yahei\';font-size:14px;line-height:22px;white-space:normal;text-align:center;\">\r\n	<span style=\"color:#000000;\">图5&nbsp;既然是现场，就要这样积极参与活动！</span> \r\n</p>\r\n<h3 data-fontsize=\"16\" data-lineheight=\"24\" style=\"box-sizing:border-box;margin:0px 0px 28px;font-weight:400;font-stretch:normal;font-size:16px;line-height:24px;font-family:\'Microsoft Yahei\';color:#333333;white-space:normal;\">\r\n	<strong style=\"box-sizing:border-box;\"><span style=\"color:#000000;\">幕后波折：报名人多不得已临时更换大场地</span></strong> \r\n</h3>\r\n<p style=\"box-sizing:border-box;margin-top:0px;margin-bottom:20px;color:#747474;font-family:\'Microsoft Yahei\';font-size:14px;line-height:22px;white-space:normal;\">\r\n	<span style=\"color:#000000;\">同时，我们还必须得再次为筹备不够充分向</span><span style=\"color:#000000;\"></span><span style=\"color:#000000;\">各位报名者、各位去到现场的参会者致歉！</span> \r\n</p>\r\n<p style=\"box-sizing:border-box;margin-top:0px;margin-bottom:20px;color:#747474;font-family:\'Microsoft Yahei\';font-size:14px;line-height:22px;white-space:normal;\">\r\n	<span style=\"color:#000000;\">本次活动策划之初，原本只打算做成一场约80~100人的技术沙龙，在活动信息发出后的几天也一直没有进行过多推广。直到4月7日（周四）晚11：00，统计了各个渠道的参会报名情况后，才意识到事先严重低估了HTML5开发者对参与WeX5活动的报名热情——周四晚报名人数就已经快满500人，并且还在增加。</span> \r\n</p>\r\n<p style=\"box-sizing:border-box;margin-top:0px;margin-bottom:20px;color:#747474;font-family:\'Microsoft Yahei\';font-size:14px;line-height:22px;white-space:normal;\">\r\n	<span style=\"color:#000000;\">原场地（万柳百川创业营）最多却只能承受130人极限！</span> \r\n</p>\r\n<p style=\"box-sizing:border-box;margin-top:0px;margin-bottom:20px;color:#747474;font-family:\'Microsoft Yahei\';font-size:14px;line-height:22px;white-space:normal;\">\r\n	<span style=\"color:#000000;\">为了尽可能让大家都有机会到现场参与交流，并确保现场交流效果，也是出于安全考虑，我们临时决定更换地点，换到更大的酒店会场里进行。结果是，直到交流会进行期间，仍然有不少人去往了老场地；虽然我们工作人员在现场做了引导，但毕竟有好几百米的距离，还是让大家辛苦了！！！</span> \r\n</p>\r\n<p style=\"box-sizing:border-box;margin-top:0px;margin-bottom:20px;color:#747474;font-family:\'Microsoft Yahei\';font-size:14px;line-height:22px;white-space:normal;\">\r\n	<span style=\"color:#000000;\">我们会努力改进，坚持做走心的开发者交流会。2016年，请准备好，同WeX5一起席卷！</span> \r\n</p>\r\n<h3 data-fontsize=\"16\" data-lineheight=\"24\" style=\"box-sizing:border-box;margin:0px 0px 28px;font-weight:400;font-stretch:normal;font-size:16px;line-height:24px;font-family:\'Microsoft Yahei\';color:#333333;white-space:normal;\">\r\n	<strong style=\"box-sizing:border-box;\"><span style=\"color:#000000;\">附一、现场互动中交流到的部分问题列表</span></strong> \r\n</h3>\r\n<p style=\"box-sizing:border-box;margin-top:0px;margin-bottom:20px;color:#747474;font-family:\'Microsoft Yahei\';font-size:14px;line-height:22px;white-space:normal;\">\r\n	<span style=\"color:#000000;\">我们会尽快整理出详细沟通内容。</span> \r\n</p>\r\n<p style=\"box-sizing:border-box;margin-top:0px;margin-bottom:20px;color:#747474;font-family:\'Microsoft Yahei\';font-size:14px;line-height:22px;white-space:normal;\">\r\n	<span style=\"color:#000000;\">对于关注度高的问题，我们会在后续的交流会中与大家继续深入探讨。</span> \r\n</p>\r\n<ul style=\"box-sizing:border-box;color:#747474;font-family:\'Microsoft Yahei\';font-size:14px;line-height:22px;white-space:normal;\">\r\n	<li style=\"box-sizing:border-box;\">\r\n		<span style=\"color:#000000;\">如何提供蓝牙等设备的访问能力？</span> \r\n	</li>\r\n	<li style=\"box-sizing:border-box;\">\r\n		<span style=\"color:#000000;\">是否支持https？</span> \r\n	</li>\r\n	<li style=\"box-sizing:border-box;\">\r\n		<span style=\"color:#000000;\">WeX5的商业模式，对免费不放心</span> \r\n	</li>\r\n	<li style=\"box-sizing:border-box;\">\r\n		<span style=\"color:#000000;\">开发VR应用是否有案例？</span> \r\n	</li>\r\n	<li style=\"box-sizing:border-box;\">\r\n		<span style=\"color:#000000;\">消息推送的JPush并发性能如何？</span> \r\n	</li>\r\n	<li style=\"box-sizing:border-box;\">\r\n		<span style=\"color:#000000;\">BaaS Server并发性能如何？是否验证过？？</span> \r\n	</li>\r\n	<li style=\"box-sizing:border-box;\">\r\n		<span style=\"color:#000000;\">视频教程学完后，深入学习主要从哪些方面入手？</span> \r\n	</li>\r\n	<li style=\"box-sizing:border-box;\">\r\n		<span style=\"color:#000000;\">输入提示，筛选的功能如何实现？联动选择菜单</span> \r\n	</li>\r\n	<li style=\"box-sizing:border-box;\">\r\n		<span style=\"color:#000000;\">图标第三方框架是否可以集成起来？</span> \r\n	</li>\r\n	<li style=\"box-sizing:border-box;\">\r\n		<span style=\"color:#000000;\">输入框遮挡如何处理？</span> \r\n	</li>\r\n	<li style=\"box-sizing:border-box;\">\r\n		<span style=\"color:#000000;\">与市场上几个竞品的比较，优缺点？</span> \r\n	</li>\r\n	<li style=\"box-sizing:border-box;\">\r\n		<span style=\"color:#000000;\">H5是否可对接安全体系及登录？</span> \r\n	</li>\r\n	<li style=\"box-sizing:border-box;\">\r\n		<span style=\"color:#000000;\">对微信及轻应用的支持？</span> \r\n	</li>\r\n	<li style=\"box-sizing:border-box;\">\r\n		<span style=\"color:#000000;\">可以做IM吗？</span> \r\n	</li>\r\n	<li style=\"box-sizing:border-box;\">\r\n		<span style=\"color:#000000;\">是否支持用户行为追踪？</span> \r\n	</li>\r\n	<li style=\"box-sizing:border-box;\">\r\n		<span style=\"color:#000000;\">是否可以做后端？</span> \r\n	</li>\r\n	<li style=\"box-sizing:border-box;\">\r\n		<span style=\"color:#000000;\">支持权限管理吗？</span> \r\n	</li>\r\n</ul>\r\n<h3 data-fontsize=\"16\" data-lineheight=\"24\" style=\"box-sizing:border-box;margin:0px 0px 28px;font-weight:400;font-stretch:normal;font-size:16px;line-height:24px;font-family:\'Microsoft Yahei\';color:#333333;white-space:normal;\">\r\n	<strong style=\"box-sizing:border-box;\"><span style=\"color:#000000;\">附二、交流会大奖名单</span></strong> \r\n</h3>\r\n<p style=\"box-sizing:border-box;margin-top:0px;margin-bottom:20px;color:#747474;font-family:\'Microsoft Yahei\';font-size:14px;line-height:22px;white-space:normal;\">\r\n	<span style=\"color:#000000;\">在最终的交流会抽奖活动，部分抽奖名单如下（一等奖、二等奖已经现场发奖，不再登记；</span><strong style=\"box-sizing:border-box;\"><span style=\"color:#000000;\">积极参与奖仍有部分遗漏，请主动积极联系我们确认。</span></strong><span style=\"color:#000000;\">QQ：2084295141，010-59798677-130）：</span> \r\n</p>\r\n<p style=\"box-sizing:border-box;margin-top:0px;margin-bottom:20px;color:#747474;font-family:\'Microsoft Yahei\';font-size:14px;line-height:22px;white-space:normal;\">\r\n	<span style=\"box-sizing:border-box;color:#000000;\"><strong style=\"box-sizing:border-box;\">积极参与奖（bbs.wex5.com论坛58分积分奖励）：</strong></span> \r\n</p>\r\n<p style=\"box-sizing:border-box;margin-top:0px;margin-bottom:20px;color:#747474;font-family:\'Microsoft Yahei\';font-size:14px;line-height:22px;white-space:normal;\">\r\n	<span style=\"color:#000000;\">王X &nbsp;181XXXX7059</span> \r\n</p>\r\n<p style=\"box-sizing:border-box;margin-top:0px;margin-bottom:20px;color:#747474;font-family:\'Microsoft Yahei\';font-size:14px;line-height:22px;white-space:normal;\">\r\n	<span style=\"color:#000000;\">李X &nbsp;153XXXX1183</span> \r\n</p>\r\n<p style=\"box-sizing:border-box;margin-top:0px;margin-bottom:20px;color:#747474;font-family:\'Microsoft Yahei\';font-size:14px;line-height:22px;white-space:normal;\">\r\n	<span style=\"color:#000000;\">李X &nbsp;157XXXX9099</span> \r\n</p>\r\n<p style=\"box-sizing:border-box;margin-top:0px;margin-bottom:20px;color:#747474;font-family:\'Microsoft Yahei\';font-size:14px;line-height:22px;white-space:normal;\">\r\n	<span style=\"color:#000000;\">王X &nbsp;156XXXX9468</span> \r\n</p>\r\n<p style=\"box-sizing:border-box;margin-top:0px;margin-bottom:20px;color:#747474;font-family:\'Microsoft Yahei\';font-size:14px;line-height:22px;white-space:normal;\">\r\n	<span style=\"color:#000000;\">赵X &nbsp;186XXXX9575</span> \r\n</p>\r\n<p style=\"box-sizing:border-box;margin-top:0px;margin-bottom:20px;color:#747474;font-family:\'Microsoft Yahei\';font-size:14px;line-height:22px;white-space:normal;\">\r\n	<span style=\"color:#000000;\">孙XX 186XXXX4600</span> \r\n</p>\r\n<p style=\"box-sizing:border-box;margin-top:0px;margin-bottom:20px;color:#747474;font-family:\'Microsoft Yahei\';font-size:14px;line-height:22px;white-space:normal;\">\r\n	<span style=\"color:#000000;\">刘XX 186XXXX9520</span> \r\n</p>\r\n<p style=\"box-sizing:border-box;margin-top:0px;margin-bottom:20px;color:#747474;font-family:\'Microsoft Yahei\';font-size:14px;line-height:22px;white-space:normal;\">\r\n	<span style=\"color:#000000;\">季XX 151XXXX3395</span> \r\n</p>\r\n<p style=\"box-sizing:border-box;margin-top:0px;margin-bottom:20px;color:#747474;font-family:\'Microsoft Yahei\';font-size:14px;line-height:22px;white-space:normal;\">\r\n	<span style=\"box-sizing:border-box;color:#333333;\"><strong style=\"box-sizing:border-box;\"><span style=\"box-sizing:border-box;color:#000000;\">特等奖(两个星期的WeX5/BeX5VIP技术支持服务</span><span style=\"color:#000000;\">)</span></strong></span> \r\n</p>\r\n<p style=\"box-sizing:border-box;margin-top:0px;margin-bottom:20px;color:#747474;font-family:\'Microsoft Yahei\';font-size:14px;line-height:22px;white-space:normal;\">\r\n	<span style=\"color:#000000;\">黄XX 159XXXX6795</span> \r\n</p>\r\n<p style=\"box-sizing:border-box;margin-top:0px;margin-bottom:20px;color:#747474;font-family:\'Microsoft Yahei\';font-size:14px;line-height:22px;white-space:normal;\">\r\n	<span style=\"color:#000000;\">李XX 186XXXX7589</span> \r\n</p>\r\n<p>\r\n	<br />\r\n</p>\r\n<p style=\"text-align:center;\">\r\n	<br />\r\n</p>', '1', '0', '0', '421', 'http://42.96.159.122:8080/WeX5_data/image/20160416/BegkhRIAEA_!!800x300.jpg', '1461067234', '1', '2');
INSERT INTO `w_news` VALUES ('8', '26917', 'H5 App如此强悍，要降薪的恐怕已不只是iOS程序员', '<p style=\"box-sizing:border-box;margin-top:0px;margin-bottom:20px;color:#747474;font-family:\'Microsoft Yahei\';font-size:14px;line-height:22px;white-space:normal;\">\r\n	<a title=\"WeX5仿淘宝APP在线体验\" href=\"http://www.wex5.com/portfolio-items/wex5-taobao/\" target=\"_blank\" style=\"box-sizing:border-box;text-decoration:none;color:#333333;\">体验H5 App的强悍</a> \r\n</p>\r\n<p style=\"box-sizing:border-box;margin-top:0px;margin-bottom:20px;color:#747474;font-family:\'Microsoft Yahei\';font-size:14px;line-height:22px;white-space:normal;\">\r\n	这是一个H5 App，仿淘宝客户端，任何型号、任何操作系统的移动终端均可直接点击运行：http://demo.wex5.com/taobao/ （基于<a title=\"WeX5_V3.3平台App打包模式\" href=\"http://www.wex5.com/wex5_v3-3%e5%b9%b3%e5%8f%b0app%e6%89%93%e5%8c%85%e6%a8%a1%e5%bc%8f/\" target=\"_blank\" style=\"box-sizing:border-box;text-decoration:none;color:#333333;\">WeX5开源框架</a>开发的，很容易，全套源码均可在<a title=\" 起步软件WeX5/BeX5-app开发工具|html5开发工具|android开发|ios开发|微信开发|快速开发平台	\" href=\"http://wex5.com/\" target=\"_blank\" style=\"box-sizing:border-box;text-decoration:none;color:#333333;\">WeX5官网</a>下载）\r\n</p>\r\n<p style=\"box-sizing:border-box;margin-top:0px;margin-bottom:20px;color:#747474;font-family:\'Microsoft Yahei\';font-size:14px;line-height:22px;white-space:normal;\">\r\n	要降薪的难道仅仅是iOS开发者？\r\n</p>\r\n<p style=\"box-sizing:border-box;margin-top:0px;margin-bottom:20px;color:#747474;font-family:\'Microsoft Yahei\';font-size:14px;line-height:22px;white-space:normal;\">\r\n	2015年的最后几天，移动开发圈里最为火爆的话题之一无疑是“iOS程序员月薪降至12K”这则报道。\r\n</p>\r\n<p style=\"box-sizing:border-box;margin-top:0px;margin-bottom:20px;color:#747474;font-family:\'Microsoft Yahei\';font-size:14px;line-height:22px;white-space:normal;\">\r\n	有人认为这是O2O创业遇冷所致，也有人认为这是iOS生态过于封闭致使智能硬件等新领域对iOS开发者的需求量不足所致。还有人认为是相关培训机构过多导致的结果等等。\r\n</p>\r\n<p style=\"box-sizing:border-box;margin-top:0px;margin-bottom:20px;color:#747474;font-family:\'Microsoft Yahei\';font-size:14px;line-height:22px;white-space:normal;\">\r\n	其实，以上这些原因分析都只停留在了现象层面，未能触及本质。 当前是一个由技术来驱动社会变革的时代，所有社会和产业变革的根本驱动力一定都来自于某种技术变革。同样，所谓iOS开发者降薪这个业界现象，背后的根本原因依然是技术变革：移动开发的原生时代正在终结，H5 App开发的时代已经拉开大幕！\r\n</p>\r\n<p style=\"box-sizing:border-box;margin-top:0px;margin-bottom:20px;color:#747474;font-family:\'Microsoft Yahei\';font-size:14px;line-height:22px;white-space:normal;\">\r\n	因为，H5 App的性能、能力确实已经逼近原生。正如上面的WeX5仿淘宝H5 App所示。在大数的应用场合，原生开发已经没有什么优势，却有很多劣势：各种操作系统需要重新开发，各种终端无法适配，开发周期长、成本高，更新维护艰难等等。\r\n</p>\r\n<p style=\"box-sizing:border-box;margin-top:0px;margin-bottom:20px;color:#747474;font-family:\'Microsoft Yahei\';font-size:14px;line-height:22px;white-space:normal;\">\r\n	在前几个星期，WeX5君就做过一次关于H5 App与原生开发的调研，采集的有效投票样本大约有1500份。其中，已经有65%的开发者认为H5 App一定会取代原生开发成为移动应用开发的主流；而认为原生开发不会被H5 App取代的仅仅剩下18%；其余16%选择了不确定。\r\n</p>\r\n<p style=\"box-sizing:border-box;margin-top:0px;margin-bottom:20px;color:#747474;font-family:\'Microsoft Yahei\';font-size:14px;line-height:22px;white-space:normal;\">\r\n	iOS开发者降薪了，Android原生开发者的好日子难道还会长吗？\r\n</p>\r\n<p style=\"box-sizing:border-box;margin-top:0px;margin-bottom:20px;color:#747474;font-family:\'Microsoft Yahei\';font-size:14px;line-height:22px;white-space:normal;\">\r\n	附、WeX5仿淘宝客户端的部分截图\r\n</p>\r\n<p style=\"box-sizing:border-box;margin-top:0px;margin-bottom:20px;color:#747474;font-family:\'Microsoft Yahei\';font-size:14px;line-height:22px;white-space:normal;\">\r\n	更多功能请直接<a title=\"WeX5仿淘宝APP在线体验\" href=\"http://www.wex5.com/portfolio-items/wex5-taobao/\" target=\"_blank\" style=\"box-sizing:border-box;text-decoration:none;color:#333333;\">点击体验</a>：<a href=\"http://demo.wex5.com/taobao/\" style=\"box-sizing:border-box;text-decoration:none;color:#333333;\">http://demo.wex5.com/taobao/</a> \r\n</p>\r\n<div id=\"attachment_12151\" class=\"wp-caption alignnone\" style=\"box-sizing:border-box;max-width:100%;color:#747474;font-family:\'Microsoft Yahei\';font-size:14px;line-height:22px;white-space:normal;width:345px;\">\r\n	<a href=\"http://www.wex5.com/wp-content/uploads/2016/01/Screenshot_2016-01-05-15-52-43.png\" style=\"box-sizing:border-box;text-decoration:none;color:#333333;\"><img class=\" wp-image-12151\" src=\"http://www.wex5.com/wp-content/uploads/2016/01/Screenshot_2016-01-05-15-52-43.png\" alt=\"H5 APP 案例\" width=\"335\" height=\"595\" srcset=\"http://www.wex5.com/wp-content/uploads/2016/01/Screenshot_2016-01-05-15-52-43-169x300.png 169w, http://www.wex5.com/wp-content/uploads/2016/01/Screenshot_2016-01-05-15-52-43-576x1024.png 576w, http://www.wex5.com/wp-content/uploads/2016/01/Screenshot_2016-01-05-15-52-43.png 1080w\" sizes=\"(max-width: 335px) 100vw, 335px\" style=\"box-sizing:border-box;border-style:none;vertical-align:top;max-width:100%;height:auto;\" /></a> \r\n	<p class=\"wp-caption-text\" style=\"box-sizing:border-box;margin-top:0px;margin-bottom:20px;\">\r\n		H5 APP 案例\r\n	</p>\r\n</div>\r\n<p style=\"box-sizing:border-box;margin-top:0px;margin-bottom:20px;color:#747474;font-family:\'Microsoft Yahei\';font-size:14px;line-height:22px;white-space:normal;padding-left:30px;\">\r\n	<span style=\"box-sizing:border-box;color:#00CCFF;\">本文由WeX5君整理，WeX5一款开源免费的<a href=\"http://www.wex5.com/wex5/\" target=\"_blank\" style=\"box-sizing:border-box;text-decoration:none;color:#00CCFF;\">html5开发工具</a>，<a href=\"http://www.wex5.com/news\" target=\"_blank\" style=\"box-sizing:border-box;text-decoration:none;color:#00CCFF;\">H5 App</a>开发就用WeX5!</span> \r\n</p>\r\n<p style=\"box-sizing:border-box;margin-top:0px;margin-bottom:20px;color:#747474;font-family:\'Microsoft Yahei\';font-size:14px;line-height:22px;white-space:normal;padding-left:30px;\">\r\n	<span style=\"box-sizing:border-box;color:#00CCFF;\">阅读其他<a href=\"http://www.wex5.com/?p=3443\" target=\"_blank\" style=\"box-sizing:border-box;text-decoration:none;color:#00CCFF;\">app 开发</a>相关文章：<a href=\"http://www.wex5.com/?p=3443\" target=\"_blank\" style=\"box-sizing:border-box;text-decoration:none;color:#00CCFF;\">http://www.wex5.com/?p=3443</a></span> \r\n</p>', '0', '0', '1', '6', 'http://42.96.159.122:8080/WeX5_data/image/20160416/LoqaRhSQAT_!!131x34.png', '1461067008', '1', '34');
INSERT INTO `w_news` VALUES ('9', '26917', '我军重大项目大规模采用WeX5/BeX5平台', '<div class=\"fusion-title title fusion-sep-none fusion-title-center fusion-title-size-two fusion-border-below-title\" style=\"box-sizing:border-box;flex-wrap:nowrap;align-items:center;margin:0em 0px 1.1em;overflow:hidden;text-align:center;color:#747474;font-family:\'Microsoft Yahei\';line-height:22px;white-space:normal;\">\r\n	<h2 class=\"title-heading-center\" data-fontsize=\"18\" data-lineheight=\"27\" style=\"box-sizing:border-box;color:#333333;margin:0px;flex-grow:0;padding:0px;line-height:27px;font-weight:400;\">\r\n		<span style=\"font-size:32px;\"> \r\n		<h2 class=\"title-heading-center\" data-fontsize=\"18\" data-lineheight=\"27\" style=\"box-sizing:border-box;color:#333333;margin:0px;font-family:\'Microsoft Yahei\';flex-grow:0;padding:0px;line-height:27px;font-weight:400;text-align:center;font-size:18px;white-space:normal;\">\r\n			<span style=\"box-sizing:border-box;\"><span style=\"box-sizing:border-box;font-size:32px;\">我军重大项目大规模采用WeX5/BeX5平台</span></span> \r\n		</h2>\r\n<br />\r\n		<div class=\"fusion-title title fusion-sep-none fusion-title-center fusion-title-size-two fusion-border-below-title\" style=\"box-sizing:border-box;flex-wrap:nowrap;align-items:center;margin:0em 0px 1.1em;overflow:hidden;text-align:center;color:#747474;font-family:\'Microsoft Yahei\';font-size:14px;line-height:22px;white-space:normal;\">\r\n			<h2 data-fontsize=\"18\" data-lineheight=\"27\" style=\"box-sizing:border-box;color:#333333;margin:0px;flex-grow:0;padding:0px;line-height:27px;font-weight:400;font-size:18px;\">\r\n				<span style=\"box-sizing:border-box;color:#808080;font-size:25px;\">—— 军改伊始就注定的必然选择</span> \r\n			</h2>\r\n		</div>\r\n		<div class=\"fusion-sep-clear\" style=\"box-sizing:border-box;clear:both;height:1px;font-size:0px;line-height:0;width:1200px;overflow:hidden;color:#747474;font-family:\'Microsoft Yahei\';white-space:normal;\">\r\n		</div>\r\n		<div class=\"fusion-separator fusion-full-width-sep sep-none\" style=\"box-sizing:border-box;border:0px solid #E0DEDE;clear:both;position:relative;z-index:11;height:1px;color:#747474;font-family:\'Microsoft Yahei\';font-size:14px;line-height:22px;white-space:normal;margin-left:auto;margin-right:auto;margin-top:15px;\">\r\n		</div>\r\n		<p style=\"box-sizing:border-box;margin-top:0px;margin-bottom:20px;color:#747474;font-family:\'Microsoft Yahei\';font-size:14px;line-height:22px;white-space:normal;\">\r\n			起步科技WeX5/BeX5平台近期在解放军某重大项目中正式投入大规模应用。起步科技作为纯粹的民族企业，一直坚持扎根于应用快速开发工具的基础研发，15年来经受住了市场的风风雨雨考验，全凭自身硬功夫在民用市场的自由竞争中赢得了广大开发者以及最终用户群体的充分认可，积攒了相当不错的口碑。正是因为如此，当习近平主席大刀阔斧推进军改、提升军队信息战能力之际，起步科技才有幸被解放军部队选用。今后，起步科技将继续积极投身国防建设，毫无保留地提供出所拥有的高性能“互联网+”应用可视化开发技术等科技成果，为中国梦、强军梦积极出力，为我军成为“召之即来、来之能战、战之必胜”的“胜利之师”积极出力！\r\n		</p>\r\n		<h3 data-fontsize=\"16\" data-lineheight=\"24\" style=\"box-sizing:border-box;margin-top:1em;margin-bottom:1em;font-family:\'Microsoft Yahei\';font-weight:400;font-size:16px;line-height:24px;color:#333333;white-space:normal;\">\r\n			<span style=\"box-sizing:border-box;\"><b style=\"box-sizing:border-box;\">○&nbsp;</b><b style=\"box-sizing:border-box;\">“民参军”已成为一个国家级战略</b></span> \r\n		</h3>\r\n		<p style=\"box-sizing:border-box;margin-top:0px;margin-bottom:20px;color:#747474;font-family:\'Microsoft Yahei\';font-size:14px;line-height:22px;white-space:normal;\">\r\n			随着我军队现代化改革进程的空前加速，军队武器装备的研发生产已成为带动中国经济发展的重要增长点，国防军工领域许多至关重要的先进技术，已经开始由民用市场推进。\r\n		</p>\r\n		<p style=\"box-sizing:border-box;margin-top:0px;margin-bottom:20px;color:#747474;font-family:\'Microsoft Yahei\';font-size:14px;line-height:22px;white-space:normal;\">\r\n			目前，军地部门加强组织领导和顶层设计，国家主导、需求牵引、市场运作的运行体系已初步形成，越来越多地方资源进入军工、军事训练等领域，更好服务国防和军队建设。\r\n		</p>\r\n		<p style=\"box-sizing:border-box;margin-top:0px;margin-bottom:20px;color:#747474;font-family:\'Microsoft Yahei\';font-size:14px;line-height:22px;white-space:normal;\">\r\n			“民参军”的局面打开后，不仅会有效提高武器装备建设质量效益，也将带动民营企业自身能力提升，这不失为一个双赢之举。&nbsp;国防大学信息作战研究所张健大校说：“85%的核心军事技术也是民用技术，80%以上的民用关键技术可直接用于军事目的。这一特征，决定了军民双方在信息化建设领域的兼容性和互补性。”\r\n		</p>\r\n		<p style=\"box-sizing:border-box;margin-top:0px;margin-bottom:20px;color:#747474;font-family:\'Microsoft Yahei\';font-size:14px;line-height:22px;white-space:normal;\">\r\n			总后勤部华北物资采购站的杜灿国上校说：“军民两种工业体系合力，在很大程度上避免了资源重复浪费和工作效率的低下。而且，‘民参军’通过加快科技进步在军事领域的应用，降低获得前沿技术的成本，缩短武器装备的研制周期，可以促进军用和民用工业基础的一体化的实现，进而增加整个国防科技工业的竞争力。”\r\n		</p>\r\n		<h3 data-fontsize=\"16\" data-lineheight=\"24\" style=\"box-sizing:border-box;margin-top:1em;margin-bottom:1em;font-family:\'Microsoft Yahei\';font-weight:400;font-size:16px;line-height:24px;color:#333333;white-space:normal;\">\r\n			<span style=\"box-sizing:border-box;\"><b style=\"box-sizing:border-box;\">○&nbsp;</b><b style=\"box-sizing:border-box;\">为促进军民合力发展，军工领域各项改革正快马加鞭</b></span> \r\n		</h3>\r\n		<p style=\"box-sizing:border-box;margin-top:0px;margin-bottom:20px;color:#747474;font-family:\'Microsoft Yahei\';font-size:14px;line-height:22px;white-space:normal;\">\r\n			根据2014年7月底国防大学公布的《中国军民融合发展报告》，目前中国的军民融合度在30%上下。该报告主要撰写者之一、国防大学国防经济研究中心研究员姜鲁鸣说：“目前我们国家正处在‘由初步融合开始向深度融合推进’的阶段。”\r\n		</p>\r\n		<p style=\"box-sizing:border-box;margin-top:0px;margin-bottom:20px;color:#747474;font-family:\'Microsoft Yahei\';font-size:14px;line-height:22px;white-space:normal;\">\r\n			虽然这个数据并没有达到发达国家的水平，但国家相关部门已经开始着手军工领域的各项改革，并有望在近几年大幅改写这一数据。\r\n		</p>\r\n		<p style=\"box-sizing:border-box;margin-top:0px;margin-bottom:20px;color:#747474;font-family:\'Microsoft Yahei\';font-size:14px;line-height:22px;white-space:normal;\">\r\n			其实，早在上世纪90年代，我国就在航空、电子等军民两用领域开展了通过资产证券方式引入民间投资的尝试。\r\n		</p>\r\n		<p style=\"box-sizing:border-box;margin-top:0px;margin-bottom:20px;color:#747474;font-family:\'Microsoft Yahei\';font-size:14px;line-height:22px;white-space:normal;\">\r\n			国务院2010年5月颁布的《关于鼓励和引导民间投资健康发展的若干意见》就曾专门列出“鼓励和引导民间资本进入国防科技工业领域”的条款。\r\n		</p>\r\n		<p style=\"box-sizing:border-box;margin-top:0px;margin-bottom:20px;color:#747474;font-family:\'Microsoft Yahei\';font-size:14px;line-height:22px;white-space:normal;\">\r\n			随后，在2012年7月，国防科工局和总装备部联合颁布了《鼓励和引导民间资本进入国防科技工业领域的实施意见》，对鼓励民间投资参与国防科技工业建设的相关细则也进一步作出了明确规定。\r\n		</p>\r\n		<p style=\"box-sizing:border-box;margin-top:0px;margin-bottom:20px;color:#747474;font-family:\'Microsoft Yahei\';font-size:14px;line-height:22px;white-space:normal;\">\r\n			这些都是初期阶段的有力尝试。\r\n		</p>\r\n		<p style=\"box-sizing:border-box;margin-top:0px;margin-bottom:20px;color:#747474;font-family:\'Microsoft Yahei\';font-size:14px;line-height:22px;white-space:normal;\">\r\n			党的十八届三中全会提出，要深化军队体制编制调整改革，推动军民融合深度发展。在这一意见的指引下，许多新政策相继出台——\r\n		</p>\r\n		<p style=\"box-sizing:border-box;margin-top:0px;margin-bottom:20px;color:#747474;font-family:\'Microsoft Yahei\';font-size:14px;line-height:22px;white-space:normal;\">\r\n			2014年５月２０日，总装备部、国防科技工业局、国家保密局联合下发809号通知，提出关于加快吸纳优势民营企业进入武器装备科研生产和维修领域的措施意见；6月，总装备部会同工信部、国防科工局等单位，集中发布关于简化军品市场准入程序、建立采购信息交互机制等12项推进“民参军”措施；国防科工局10月27日召开会议，重点讨论军民融合发展……\r\n		</p>\r\n		<p style=\"box-sizing:border-box;margin-top:0px;margin-bottom:20px;color:#747474;font-family:\'Microsoft Yahei\';font-size:14px;line-height:22px;white-space:normal;\">\r\n			“民参军”热潮涌动，企业数量明显增加，进入领域不断扩大、层次水平不断提升。\r\n		</p>\r\n		<p style=\"box-sizing:border-box;margin-top:0px;margin-bottom:20px;color:#747474;font-family:\'Microsoft Yahei\';font-size:14px;line-height:22px;white-space:normal;\">\r\n			以北斗卫星导航系统、“天河二号”超级计算机等为代表，军民融合正在向网络信息技术、高端装备制造、海洋资源、航空航天等领域纵深推进，“中国制造2025”、“互联网+”、大数据、3D打印等新技术、新业态，成为融合发展、军民两利的新引擎。WeX5/BeX5开发平台有幸成为我军“互联网+”的代表之一！\r\n		</p>\r\n</span> \r\n	</h2>\r\n</div>', '1', '0', '0', '2', 'http://42.96.159.122:8080/WeX5_data/image/20160416/bOqKrrSmDf_!!853x414.png', '1461067251', '1', '1');
INSERT INTO `w_news` VALUES ('10', '26917', 'H5-前端开发凭什么工资不但高、还涨得快', '<p style=\"box-sizing:border-box;margin-top:0px;margin-bottom:20px;color:#747474;font-family:\'Microsoft Yahei\';font-size:14px;line-height:22px;white-space:normal;\">\r\n	先看前端开发的薪资情况。\r\n</p>\r\n<p style=\"box-sizing:border-box;margin-top:0px;margin-bottom:20px;color:#747474;font-family:\'Microsoft Yahei\';font-size:14px;line-height:22px;white-space:normal;\">\r\n	2015年初，著名的某勾网发布过一个统计报告。\r\n</p>\r\n<p style=\"box-sizing:border-box;margin-top:0px;margin-bottom:20px;color:#747474;font-family:\'Microsoft Yahei\';font-size:14px;line-height:22px;white-space:normal;\">\r\n	在技术类里，HTML5技术能力的值钱程度很突出，名列前茅。这正代表了前端技术的当前行情。\r\n</p>\r\n<p style=\"box-sizing:border-box;margin-top:0px;margin-bottom:20px;color:#747474;font-family:\'Microsoft Yahei\';font-size:14px;line-height:22px;white-space:normal;\">\r\n	<img src=\"http://mmbiz.qpic.cn/mmbiz/xxQicBdY2XuIeiaAhF0dthicicNqZEFibzZwLvTttPWmNjtmQQovVxVmMvUYDHibXyHTGDFAFnkxIlB1As1HKjrc9Ckg/0?wx_fmt=jpeg\" alt=\"\" data-s=\"300,640\" data-type=\"jpeg\" data-src=\"http://mmbiz.qpic.cn/mmbiz/xxQicBdY2XuIeiaAhF0dthicicNqZEFibzZwLvTttPWmNjtmQQovVxVmMvUYDHibXyHTGDFAFnkxIlB1As1HKjrc9Ckg/0?wx_fmt=jpeg\" data-ratio=\"0.9466666666666667\" data-w=\"300\" style=\"box-sizing:border-box;border-style:none;vertical-align:top;max-width:100%;height:auto;\" /> \r\n</p>\r\n<p style=\"box-sizing:border-box;margin-top:0px;margin-bottom:20px;color:#747474;font-family:\'Microsoft Yahei\';font-size:14px;line-height:22px;white-space:normal;\">\r\n	再看工资的增幅，还是来自他勾的数据（据说是大数据分析的结果）：\r\n</p>\r\n<p style=\"box-sizing:border-box;margin-top:0px;margin-bottom:20px;color:#747474;font-family:\'Microsoft Yahei\';font-size:14px;line-height:22px;white-space:normal;\">\r\n	<img src=\"http://mmbiz.qpic.cn/mmbiz/xxQicBdY2XuIeiaAhF0dthicicNqZEFibzZwL2ibNtcPUiaJxDXJtYibiawQxnYO3b0lnN7FV9ibCLqh7Dt0pNkZXcQnrw5g/0?wx_fmt=jpeg\" alt=\"\" data-s=\"300,640\" data-type=\"jpeg\" data-src=\"http://mmbiz.qpic.cn/mmbiz/xxQicBdY2XuIeiaAhF0dthicicNqZEFibzZwL2ibNtcPUiaJxDXJtYibiawQxnYO3b0lnN7FV9ibCLqh7Dt0pNkZXcQnrw5g/0?wx_fmt=jpeg\" data-ratio=\"0.7793103448275862\" data-w=\"290\" style=\"box-sizing:border-box;border-style:none;vertical-align:top;max-width:100%;height:auto;\" /> \r\n</p>\r\n<p style=\"box-sizing:border-box;margin-top:0px;margin-bottom:20px;color:#747474;font-family:\'Microsoft Yahei\';font-size:14px;line-height:22px;white-space:normal;\">\r\n	移动互联网从业人员，呆在企业内部不跳槽，工资的平均涨幅为20%每年；跳槽带来的涨幅大约是25%每年）。再细分到H5前端开发者上，涨幅只高不低。\r\n</p>\r\n<p style=\"box-sizing:border-box;margin-top:0px;margin-bottom:20px;color:#747474;font-family:\'Microsoft Yahei\';font-size:14px;line-height:22px;white-space:normal;\">\r\n	至于跳槽值不值，是另一个问题，这次不讨论。\r\n</p>\r\n<p style=\"box-sizing:border-box;margin-top:0px;margin-bottom:20px;color:#747474;font-family:\'Microsoft Yahei\';font-size:14px;line-height:22px;white-space:normal;\">\r\n	薪资不但高，还增长快，凭什么？\r\n</p>\r\n<p style=\"box-sizing:border-box;margin-top:0px;margin-bottom:20px;color:#747474;font-family:\'Microsoft Yahei\';font-size:14px;line-height:22px;white-space:normal;\">\r\n	决定市场价格最首要的是供求关系。技术水平重要，但绝没有市场供给关系重要。不能理解的话举个简单例子，空气重要么？重要，人没了空气活不了，但是为什么不值钱？就是因为在市场关系中是供远远大于求的。\r\n</p>\r\n<p style=\"box-sizing:border-box;margin-top:0px;margin-bottom:20px;color:#747474;font-family:\'Microsoft Yahei\';font-size:14px;line-height:22px;white-space:normal;\">\r\n	现在是互联网公司的春天，很多公司如雨后春笋般发展，对H5前端开发的需求很旺盛，都是处在供小于求的情况。\r\n</p>\r\n<h2 data-fontsize=\"18\" data-lineheight=\"27\" style=\"box-sizing:border-box;color:#333333;margin:0em 0px 1.1em;font-family:\'Microsoft Yahei\';font-weight:400;padding-bottom:0px;font-size:18px;line-height:27px;white-space:normal;\">\r\n	<strong style=\"box-sizing:border-box;\">H5前端各种需求迭代非常频繁、工作强度大,而且直面用户很重要，这是H5前端人才需求旺盛的基础前提</strong> \r\n</h2>\r\n<section style=\"box-sizing:border-box;color:#747474;font-family:\'Microsoft Yahei\';font-size:14px;line-height:22px;white-space:normal;\"><section data-width=\"40%\" style=\"box-sizing:border-box;\"></section>\r\n<p style=\"box-sizing:border-box;margin-top:0px;margin-bottom:20px;\">\r\n	▼\r\n</p>\r\n</section>\r\n<p style=\"box-sizing:border-box;margin-top:0px;margin-bottom:20px;color:#747474;font-family:\'Microsoft Yahei\';font-size:14px;line-height:22px;white-space:normal;\">\r\n	众所周知，中国经济发展速度非常快，而且最近好像要大力发展互联网行业。在这样的大环境下公司都发展很快,公司发展快的结果之一就是产品迭代特别快，很多可能只是实验性质，如果某段时间内用户达不到多少就直接砍掉。这个时候前端工程师每天都要应付很多新需求。开发出一个网站往往像用几十道工序制作一件手工品，不一样的是，别的手工匠人可以用几年的时间打磨制作，H5前端开发流程是越快越好。\r\n</p>\r\n<p style=\"box-sizing:border-box;margin-top:0px;margin-bottom:20px;color:#747474;font-family:\'Microsoft Yahei\';font-size:14px;line-height:22px;white-space:normal;\">\r\n	再加上现在混合app的流行，网站页面更新速度快，也为前端代码频繁更新提供了另一个“客观条件”。\r\n</p>\r\n<p style=\"box-sizing:border-box;margin-top:0px;margin-bottom:20px;color:#747474;font-family:\'Microsoft Yahei\';font-size:14px;line-height:22px;white-space:normal;\">\r\n	人的天性更倾向于纠结那些眼下看得见的东西，所以H5前端开发者还承担了外自客户，内自产品经理、设计师甚至市场部门施加的压力。而这种压力传递到服务端很可能就是一条sql语句，一张表的事情。如果能力较强的前端工程师可能还承担了代码压缩管理等其它附加任务。\r\n</p>\r\n<p style=\"box-sizing:border-box;margin-top:0px;margin-bottom:20px;color:#747474;font-family:\'Microsoft Yahei\';font-size:14px;line-height:22px;white-space:normal;\">\r\n	前端的代码都是直面用户的，用户即是公司的上帝，重要程度不言自明，要求很高、不容闪失。团队再精简也不能精简了<a title=\"H5 APP开发就用WeX5\" href=\"http://www.wex5.com/wex5/\" target=\"_blank\" style=\"box-sizing:border-box;text-decoration:none;color:#333333;\">前端开发</a>力量。\r\n</p>\r\n<h2 data-fontsize=\"18\" data-lineheight=\"27\" style=\"box-sizing:border-box;color:#333333;margin:0em 0px 1.1em;font-family:\'Microsoft Yahei\';font-weight:400;padding-bottom:0px;font-size:18px;line-height:27px;white-space:normal;\">\r\n	需要H5前端人才的单位太多、而且呈现越来越多的势头\r\n</h2>\r\n<section style=\"box-sizing:border-box;color:#747474;font-family:\'Microsoft Yahei\';font-size:14px;line-height:22px;white-space:normal;\"><section data-width=\"40%\" style=\"box-sizing:border-box;\"></section>\r\n<p style=\"box-sizing:border-box;margin-top:0px;margin-bottom:20px;\">\r\n	▼\r\n</p>\r\n</section>\r\n<p style=\"box-sizing:border-box;margin-top:0px;margin-bottom:20px;color:#747474;font-family:\'Microsoft Yahei\';font-size:14px;line-height:22px;white-space:normal;\">\r\n	现在公司个个都要<a title=\"H5 APP开发就用WeX5\" href=\"http://www.wex5.com/wex5/\" target=\"_blank\" style=\"box-sizing:border-box;text-decoration:none;color:#333333;\">做网站或 App</a>，都需一堆H5前端。前端人才的价格围绕价值上下波动，波动范围取决于供需失衡情况。\r\n</p>\r\n<p style=\"box-sizing:border-box;margin-top:0px;margin-bottom:20px;color:#747474;font-family:\'Microsoft Yahei\';font-size:14px;line-height:22px;white-space:normal;\">\r\n	1、创业团队太多，且有钱\r\n</p>\r\n<p style=\"box-sizing:border-box;margin-top:0px;margin-bottom:20px;color:#747474;font-family:\'Microsoft Yahei\';font-size:14px;line-height:22px;white-space:normal;\">\r\n	2010~13年，创业团队对市场的影响是有限的。原因：1、穷;2、团队少。现在的情况是：\r\n</p>\r\n<p style=\"box-sizing:border-box;margin-top:0px;margin-bottom:20px;color:#747474;font-family:\'Microsoft Yahei\';font-size:14px;line-height:22px;white-space:normal;\">\r\n	A、薪水合理\r\n</p>\r\n<p style=\"box-sizing:border-box;margin-top:0px;margin-bottom:20px;color:#747474;font-family:\'Microsoft Yahei\';font-size:14px;line-height:22px;white-space:normal;\">\r\n	当年创新工场招人多是降薪，Android开发，一般给8K、10K，能给20K的是大拿。\r\n</p>\r\n<p style=\"box-sizing:border-box;margin-top:0px;margin-bottom:20px;color:#747474;font-family:\'Microsoft Yahei\';font-size:14px;line-height:22px;white-space:normal;\">\r\n	而现在，很多创业团队都可以按照市场价格招人，比如说BAT过来的，一般可以涨个10~30%，然后+期权。\r\n</p>\r\n<p style=\"box-sizing:border-box;margin-top:0px;margin-bottom:20px;color:#747474;font-family:\'Microsoft Yahei\';font-size:14px;line-height:22px;white-space:normal;\">\r\n	对于候选人呢?没有太多风险。某创业团队CTO这样讲，“他们为什么不来我这?薪水涨了，还有股票。公司烧两年没问题，就算公司最后失败了，他们跳槽找下一家好了。他在我这技术又不会落后”。\r\n</p>\r\n<p style=\"box-sizing:border-box;margin-top:0px;margin-bottom:20px;color:#747474;font-family:\'Microsoft Yahei\';font-size:14px;line-height:22px;white-space:normal;\">\r\n	B、团队太多、招聘总量太大\r\n</p>\r\n<p style=\"box-sizing:border-box;margin-top:0px;margin-bottom:20px;color:#747474;font-family:\'Microsoft Yahei\';font-size:14px;line-height:22px;white-space:normal;\">\r\n	每个月20家拿了1kw美元以上的投资，如果整个市场维持这个速度(风投13年在美国软件业投了110亿刀，14年Q2投了61亿刀)一年就是240家团队。\r\n</p>\r\n<p style=\"box-sizing:border-box;margin-top:0px;margin-bottom:20px;color:#747474;font-family:\'Microsoft Yahei\';font-size:14px;line-height:22px;white-space:normal;\">\r\n	每家一年只新增2、30个开发，就是5、6k人/年，且大半的创业团队都在北京。实际很多创业团队，招聘计划都超过了2、30人/年。\r\n</p>\r\n<p style=\"box-sizing:border-box;margin-top:0px;margin-bottom:20px;color:#747474;font-family:\'Microsoft Yahei\';font-size:14px;line-height:22px;white-space:normal;\">\r\n	还有个问题：大部分团队的钱，烧一两年没问题，这意味着，两年内，创业团队都不会大量释放出库存员工，只会屯人。\r\n</p>\r\n<p style=\"box-sizing:border-box;margin-top:0px;margin-bottom:20px;color:#747474;font-family:\'Microsoft Yahei\';font-size:14px;line-height:22px;white-space:normal;\">\r\n	2、重复建设\r\n</p>\r\n<p style=\"box-sizing:border-box;margin-top:0px;margin-bottom:20px;color:#747474;font-family:\'Microsoft Yahei\';font-size:14px;line-height:22px;white-space:normal;\">\r\n	这两年新兴的重复建设带来了很多需求：\r\n</p>\r\n<p style=\"box-sizing:border-box;margin-top:0px;margin-bottom:20px;color:#747474;font-family:\'Microsoft Yahei\';font-size:14px;line-height:22px;white-space:normal;\">\r\n	BAT移动端的血拼\r\n</p>\r\n<p style=\"box-sizing:border-box;margin-top:0px;margin-bottom:20px;color:#747474;font-family:\'Microsoft Yahei\';font-size:14px;line-height:22px;white-space:normal;\">\r\n	百度现在上线的有60款移动端产品?or 50款?这背后从市场卷走了多少个Android、IOS 开发?市场一共才多少优质Android、IOS供给。。。。\r\n</p>\r\n<p style=\"box-sizing:border-box;margin-top:0px;margin-bottom:20px;color:#747474;font-family:\'Microsoft Yahei\';font-size:14px;line-height:22px;white-space:normal;\">\r\n	阿里的all in到移动端是大家都知道的。\r\n</p>\r\n<p style=\"box-sizing:border-box;margin-top:0px;margin-bottom:20px;color:#747474;font-family:\'Microsoft Yahei\';font-size:14px;line-height:22px;white-space:normal;\">\r\n	腾讯北京的移动团队在不断地整合，我们就不说了。感谢腾讯依靠自己的培养梯队，把很多java、C培养成了众多Android、IOS人才，而不是光靠挖。\r\n</p>\r\n<p style=\"box-sizing:border-box;margin-top:0px;margin-bottom:20px;color:#747474;font-family:\'Microsoft Yahei\';font-size:14px;line-height:22px;white-space:normal;\">\r\n	BAT这4年的移动端血拼，奠定了现在移动端的薪水基线。\r\n</p>\r\n<p style=\"box-sizing:border-box;margin-top:0px;margin-bottom:20px;color:#747474;font-family:\'Microsoft Yahei\';font-size:14px;line-height:22px;white-space:normal;\">\r\n	<strong style=\"box-sizing:border-box;\">移动开发及H5前端开发人才的市场整体新增供给还是太少</strong> \r\n</p>\r\n<section style=\"box-sizing:border-box;color:#747474;font-family:\'Microsoft Yahei\';font-size:14px;line-height:22px;white-space:normal;\"><section data-width=\"40%\" style=\"box-sizing:border-box;\"></section>\r\n<p style=\"box-sizing:border-box;margin-top:0px;margin-bottom:20px;\">\r\n	▼\r\n</p>\r\n</section>\r\n<p style=\"box-sizing:border-box;margin-top:0px;margin-bottom:20px;color:#747474;font-family:\'Microsoft Yahei\';font-size:14px;line-height:22px;white-space:normal;\">\r\n	以全国移动互联网人才最集中的北京市场为例：H5前端库存严重不足，也没有这么多新增供给。\r\n</p>\r\n<p style=\"box-sizing:border-box;margin-top:0px;margin-bottom:20px;color:#747474;font-family:\'Microsoft Yahei\';font-size:14px;line-height:22px;white-space:normal;\">\r\n	1、北京现存市场\r\n</p>\r\n<p style=\"box-sizing:border-box;margin-top:0px;margin-bottom:20px;color:#747474;font-family:\'Microsoft Yahei\';font-size:14px;line-height:22px;white-space:normal;\">\r\n	北京现存市场的人员波动，不足以应对一年几千人的新增需求。\r\n</p>\r\n<p style=\"box-sizing:border-box;margin-top:0px;margin-bottom:20px;color:#747474;font-family:\'Microsoft Yahei\';font-size:14px;line-height:22px;white-space:normal;\">\r\n	百度是北京最大的砖厂，也是最大的供应方、需求方。百度有多少纯开发(不算测试运维等)?也就4、5千人，百度有多少M1\\M2?也就2、300人。在没有大调整的情况下，也就20%左右的离职率，每年也就能供给市场1k人，其中前端恐怕占了不到20%。这已经是整个北京市场最大的研发供给池。\r\n</p>\r\n<p style=\"box-sizing:border-box;margin-top:0px;margin-bottom:20px;color:#747474;font-family:\'Microsoft Yahei\';font-size:14px;line-height:22px;white-space:normal;\">\r\n	很多公司的研发团队，也就数百人，一年对市场的贡献也就几十人，其中H5前端大约10人左右。\r\n</p>\r\n<p style=\"box-sizing:border-box;margin-top:0px;margin-bottom:20px;color:#747474;font-family:\'Microsoft Yahei\';font-size:14px;line-height:22px;white-space:normal;\">\r\n	2、北京的新增供给\r\n</p>\r\n<p style=\"box-sizing:border-box;margin-top:0px;margin-bottom:20px;color:#747474;font-family:\'Microsoft Yahei\';font-size:14px;line-height:22px;white-space:normal;\">\r\n	北京的互联网市场新增供给以应届生为主，其他行业转移量少，其他国家转移过来的少。\r\n</p>\r\n<p style=\"box-sizing:border-box;margin-top:0px;margin-bottom:20px;color:#747474;font-family:\'Microsoft Yahei\';font-size:14px;line-height:22px;white-space:normal;\">\r\n	北京各个高校加起来，能有5K码农就不错了，很多计算机、通信毕业生，毕业流向了运营商、银行、通信、航天等单位。\r\n</p>\r\n<p style=\"box-sizing:border-box;margin-top:0px;margin-bottom:20px;color:#747474;font-family:\'Microsoft Yahei\';font-size:14px;line-height:22px;white-space:normal;\">\r\n	而这其中，能担当H5前端开发的顶多几百人，恐怕还是小几百。\r\n</p>\r\n<p style=\"box-sizing:border-box;margin-top:0px;margin-bottom:20px;color:#747474;font-family:\'Microsoft Yahei\';font-size:14px;line-height:22px;white-space:normal;\">\r\n	中国的传统IT业、通信业，还在持续增长中，没有办法向互联网行业大批量地转移码农。放眼全球看，全世界缺乏像中国这样，人均工资较低，数量巨大的码农供应国家，也就是说，未来只有美国从中国掠夺优质码农的份，而中国却无法找到新的供给国家，最多只能向中西部转移。\r\n</p>\r\n<p style=\"box-sizing:border-box;margin-top:0px;margin-bottom:20px;color:#747474;font-family:\'Microsoft Yahei\';font-size:14px;line-height:22px;white-space:normal;\">\r\n	<strong style=\"box-sizing:border-box;\">H5前端开发其实一点都不简单了，要成为一个优秀的前端工程师并不那么容易</strong> \r\n</p>\r\n<section style=\"box-sizing:border-box;color:#747474;font-family:\'Microsoft Yahei\';font-size:14px;line-height:22px;white-space:normal;\"><section data-width=\"40%\" style=\"box-sizing:border-box;\"></section>\r\n<p style=\"box-sizing:border-box;margin-top:0px;margin-bottom:20px;\">\r\n	▼\r\n</p>\r\n</section>\r\n<p style=\"box-sizing:border-box;margin-top:0px;margin-bottom:20px;color:#747474;font-family:\'Microsoft Yahei\';font-size:14px;line-height:22px;white-space:normal;\">\r\n	这也是起步软件为什么近两年要倾力推出WeX5这个面向H5前端开发的框架工具。\r\n</p>\r\n<p style=\"box-sizing:border-box;margin-top:0px;margin-bottom:20px;color:#747474;font-family:\'Microsoft Yahei\';font-size:14px;line-height:22px;white-space:normal;\">\r\n	可能大多人都还认为H5前端开发是一个「<a title=\"H5 APP开发就用WeX5\" href=\"http://www.wex5.com/wex5/\" target=\"_blank\" style=\"box-sizing:border-box;text-decoration:none;color:#333333;\">相对于其他模块来说更简单的领域</a>」，在他们心中的H5前端工程师是这样工作的：\r\n</p>\r\n<ol class=\" list-paddingleft-2\" style=\"box-sizing:border-box;color:#747474;font-family:\'Microsoft Yahei\';font-size:14px;line-height:22px;white-space:normal;\">\r\n	<li style=\"box-sizing:border-box;\">\r\n		把 Photoshop 文件、图片或者线框放进一个网页；\r\n	</li>\r\n	<li style=\"box-sizing:border-box;\">\r\n		偶尔设计 Photoshop 文件、图片或者线框；\r\n	</li>\r\n	<li style=\"box-sizing:border-box;\">\r\n		用 Javascript 编程，为网页制作动画、过渡效果；\r\n	</li>\r\n	<li style=\"box-sizing:border-box;\">\r\n		用 HTML 和 CSS 编程，确定网页的内容和布局。\r\n	</li>\r\n</ol>\r\n<p style=\"box-sizing:border-box;margin-top:0px;margin-bottom:20px;color:#747474;font-family:\'Microsoft Yahei\';font-size:14px;line-height:22px;white-space:normal;\">\r\n	事实上，前端工程师在做的是：\r\n</p>\r\n<ol class=\" list-paddingleft-2\" style=\"box-sizing:border-box;color:#747474;font-family:\'Microsoft Yahei\';font-size:14px;line-height:22px;white-space:normal;\">\r\n	<li style=\"box-sizing:border-box;\">\r\n		在设计师和工程师之间实现可视化的语言；\r\n	</li>\r\n	<li style=\"box-sizing:border-box;\">\r\n		用可视化的设计，定义一组代表内容、品牌和功能的组件；\r\n	</li>\r\n	<li style=\"box-sizing:border-box;\">\r\n		为 Web 应用程序的会话、框架、需求、可视化的语言和规格设定底线；\r\n	</li>\r\n	<li style=\"box-sizing:border-box;\">\r\n		定义 Web 应用程序的设备、浏览器、屏幕、动画的范围；\r\n	</li>\r\n	<li style=\"box-sizing:border-box;\">\r\n		开发一个质量保证指南来确保品牌忠诚度、代码质量、产品标准；\r\n	</li>\r\n	<li style=\"box-sizing:border-box;\">\r\n		为 Web 应用程序设定适当的行距、字体、标题、图标、填充等等；\r\n	</li>\r\n	<li style=\"box-sizing:border-box;\">\r\n		为 Web 应用程序设定多种分辨率的图像，设备为主的实体模型，同时维护设计指南；\r\n	</li>\r\n	<li style=\"box-sizing:border-box;\">\r\n		标记 Web 应用程序，使之语义化，SEO 友好；\r\n	</li>\r\n	<li style=\"box-sizing:border-box;\">\r\n		用一种友好的，耗电少的，设备和客户端感知的方式连接 API，获取信息；\r\n	</li>\r\n	<li style=\"box-sizing:border-box;\">\r\n		开发客户端代码来显示流畅的动画、过渡、延迟加载、交互、应用工作流程，大多数时间用来考虑渐进增强和向后兼容的标准；\r\n	</li>\r\n	<li style=\"box-sizing:border-box;\">\r\n		保证后台连接安全，采取跨域资源共享 (CORS) 的程序考虑，防止跨站点脚本 (XSS) 和跨站请求伪造 (CSRF) ；\r\n	</li>\r\n	<li style=\"box-sizing:border-box;\">\r\n		最重要的是，尽管有严格的期限、利益相关者的要求，以及设备的限制，无论现在还是将来永远是「客户第一」。\r\n	</li>\r\n	<li style=\"box-sizing:border-box;\">\r\n		前端又可以分为PC端、移动端、混合应用、js后端，如果没有选用WeX5这类跨端开发框架，pc端就要自己考虑浏览器的兼容性问题，移动端也要自己考虑屏幕适配等。\r\n	</li>\r\n</ol>\r\n<p style=\"box-sizing:border-box;margin-top:0px;margin-bottom:20px;color:#747474;font-family:\'Microsoft Yahei\';font-size:14px;line-height:22px;white-space:normal;\">\r\n	光有理论知识还不行，还要实践动手能力，学会使用工具,首先是IDE或者编辑器,然后是各种浏览器或者移动设备，最后还有版本管理、代码压缩等<a title=\"H5 APP开发就用WeX5\" href=\"http://www.wex5.com/wex5/\" target=\"_blank\" style=\"box-sizing:border-box;text-decoration:none;color:#333333;\">自动化工具</a>。\r\n</p>\r\n<p style=\"box-sizing:border-box;margin-top:0px;margin-bottom:20px;color:#747474;font-family:\'Microsoft Yahei\';font-size:14px;line-height:22px;white-space:normal;\">\r\n	总体上来说，H5前端要掌握的技能、知识点很多，而且还很零散。越学习越发现，要成长为一个优秀的前端开发人员确实比较难。\r\n</p>\r\n<p style=\"box-sizing:border-box;margin-top:0px;margin-bottom:20px;color:#747474;font-family:\'Microsoft Yahei\';font-size:14px;line-height:22px;white-space:normal;\">\r\n	充分利用好<a title=\"H5 APP开发就用WeX5\" href=\"http://www.wex5.com/wex5/\" target=\"_blank\" style=\"box-sizing:border-box;text-decoration:none;color:#333333;\">WeX5</a>这种开源框架是快速成为前端高手的方法之一，该有的主流前端技术都融合在里面了，里面的源码该用的用，该扒的扒，积极发扬拿来主义，反正<a title=\"H5 APP开发就用WeX5\" href=\"http://www.wex5.com/wex5/\" target=\"_blank\" style=\"box-sizing:border-box;text-decoration:none;color:#333333;\">开源免费</a>，无所谓。\r\n</p>\r\n<p style=\"box-sizing:border-box;margin-top:0px;margin-bottom:20px;color:#747474;font-family:\'Microsoft Yahei\';font-size:14px;line-height:22px;white-space:normal;\">\r\n	记住，快速掌握主流技术，才会成为这波前端稀缺的最终赢家。\r\n</p>\r\n<p style=\"box-sizing:border-box;margin-top:0px;margin-bottom:20px;color:#747474;font-family:\'Microsoft Yahei\';font-size:14px;line-height:22px;white-space:normal;padding-left:30px;\">\r\n	<span style=\"box-sizing:border-box;color:#00CCFF;\">本文由WeX5君整理，WeX5一款开源免费的<a href=\"http://www.wex5.com/wex5/\" target=\"_blank\" style=\"box-sizing:border-box;text-decoration:none;color:#00CCFF;\">html5开发工具</a>，<a href=\"http://www.wex5.com/news\" target=\"_blank\" style=\"box-sizing:border-box;text-decoration:none;color:#00CCFF;\">H5 App</a>开发就用WeX5!</span> \r\n</p>\r\n<p style=\"box-sizing:border-box;margin-top:0px;margin-bottom:20px;color:#747474;font-family:\'Microsoft Yahei\';font-size:14px;line-height:22px;white-space:normal;padding-left:30px;\">\r\n	<span style=\"box-sizing:border-box;color:#00CCFF;\">阅读其他<a href=\"http://www.wex5.com/?p=3443\" target=\"_blank\" style=\"box-sizing:border-box;text-decoration:none;color:#00CCFF;\">app 开发</a>相关文章：<a href=\"http://www.wex5.com/?p=3443\" target=\"_blank\" style=\"box-sizing:border-box;text-decoration:none;color:#00CCFF;\">http://www.wex5.com/?p=3443</a></span> \r\n</p>', '0', '1', '1', '3', 'http://42.96.159.122:8080/WeX5_data/image/20160416/LoguivUKIK_!!500x311.png', '1461067025', '0', '1');
INSERT INTO `w_news` VALUES ('11', '26917', 'WeX5可以怎么玩？', '<h3 data-fontsize=\"16\" data-lineheight=\"24\" style=\"box-sizing:border-box;margin-top:1em;margin-bottom:1em;font-family:\'Microsoft Yahei\';font-weight:400;font-size:16px;line-height:24px;color:#333333;white-space:normal;\">\r\n	一、纯本地App\r\n</h3>\r\n<p style=\"box-sizing:border-box;margin-top:0px;margin-bottom:20px;color:#747474;font-family:\'Microsoft Yahei\';font-size:13px;line-height:20px;white-space:normal;\">\r\n	没任何服务请求，已经有开发好的一堆html+js，希望本地App中可以方便的使用，那可以参考默认的Native/X5工程，把自己开发好的资源放到www目录下就可以，注意工程的几个重要选项：<br style=\"box-sizing:border-box;\" />\r\n服务地址：http://localhost<br style=\"box-sizing:border-box;\" />\r\n首页: 假设你www中有一个入口的index.html，那写 /index.html<br style=\"box-sizing:border-box;\" />\r\n生成App包的向导中，“重新编译使用到的UI资源”一定不要选\r\n</p>\r\n<h3 data-fontsize=\"16\" data-lineheight=\"24\" style=\"box-sizing:border-box;margin-top:1em;margin-bottom:1em;font-family:\'Microsoft Yahei\';font-weight:400;font-size:16px;line-height:24px;color:#333333;white-space:normal;\">\r\n	二、关联一个网站，希望默认就打开某页\r\n</h3>\r\n<p style=\"box-sizing:border-box;margin-top:0px;margin-bottom:20px;color:#747474;font-family:\'Microsoft Yahei\';font-size:13px;line-height:20px;white-space:normal;\">\r\n	例如想把本论坛做成一个app，那可以新建一个本地App，把<br style=\"box-sizing:border-box;\" />\r\n服务地址：http://bbs.justep.com<br style=\"box-sizing:border-box;\" />\r\n首页: /forum.php\r\n</p>\r\n<p style=\"box-sizing:border-box;margin-top:0px;margin-bottom:20px;color:#747474;font-family:\'Microsoft Yahei\';font-size:13px;line-height:20px;white-space:normal;\">\r\n	这样生成的app，一启动就打开论坛的首页\r\n</p>\r\n<h3 data-fontsize=\"16\" data-lineheight=\"24\" style=\"box-sizing:border-box;margin-top:1em;margin-bottom:1em;font-family:\'Microsoft Yahei\';font-weight:400;font-size:16px;line-height:24px;color:#333333;white-space:normal;\">\r\n	三、UI设计器\r\n</h3>\r\n<p style=\"box-sizing:border-box;margin-top:0px;margin-bottom:20px;color:#747474;font-family:\'Microsoft Yahei\';font-size:13px;line-height:20px;white-space:normal;\">\r\n	UI2下建自己应用（例如demo），形成自己的一组页面，然后Native新建一个本地App，选择新建的资源demo，点右键“编译使用到的UI资源”，则在ww下生成标准的html+js，该资源可以放到标准 web 服务器（apache, iis, tomcat等）直接进行网络访问\r\n</p>\r\n<h3 data-fontsize=\"16\" data-lineheight=\"24\" style=\"box-sizing:border-box;margin-top:1em;margin-bottom:1em;font-family:\'Microsoft Yahei\';font-weight:400;font-size:16px;line-height:24px;color:#333333;white-space:normal;\">\r\n	四、打包神器\r\n</h3>\r\n<p style=\"box-sizing:border-box;margin-top:0px;margin-bottom:20px;color:#747474;font-family:\'Microsoft Yahei\';font-size:13px;line-height:20px;white-space:normal;\">\r\n	什么UI2，什么X5不要，我就只要一个可以生成App的环境，<a title=\"打包服务器\" href=\"http://doc.wex5.com/x5%E5%BA%94%E7%94%A8%E6%89%93%E5%8C%85%E6%9C%8D%E5%8A%A1%E5%99%A8%E7%8E%AF%E5%A2%83%E6%90%AD%E5%BB%BA\" style=\"box-sizing:border-box;text-decoration:none;color:#333333;\">点这里下载</a><br style=\"box-sizing:border-box;\" />\r\nxcode，adt, 哈哈，都有\r\n</p>\r\n<h3 data-fontsize=\"16\" data-lineheight=\"24\" style=\"box-sizing:border-box;margin-top:1em;margin-bottom:1em;font-family:\'Microsoft Yahei\';font-weight:400;font-size:16px;line-height:24px;color:#333333;white-space:normal;\">\r\n	五、标准玩法\r\n</h3>\r\n<p style=\"box-sizing:border-box;margin-top:0px;margin-bottom:20px;color:#747474;font-family:\'Microsoft Yahei\';font-size:13px;line-height:20px;white-space:normal;\">\r\n	外卖为例，<a title=\"WeX5 App与服务端交互原理\" href=\"http://doc.wex5.com/server-interaction/\" style=\"box-sizing:border-box;text-decoration:none;color:#333333;\">“WeX5 App与服务端交互原理”</a>&nbsp;有交互原理介绍。<br style=\"box-sizing:border-box;\" />\r\n资源打进app，bass 部署到tomcat上作为服务， 这个是推荐用法。<br style=\"box-sizing:border-box;\" />\r\n什么，资源咋升级？没问题，按<a title=\"App资源和版本更新\" href=\"http://doc.wex5.com/app-resources-and-version-update/\" style=\"box-sizing:border-box;text-decoration:none;color:#333333;\">“App资源和版本更新”</a>将最新的资源按更新到服务器即可。\r\n</p>\r\n<p style=\"box-sizing:border-box;margin-top:0px;margin-bottom:20px;color:#747474;font-family:\'Microsoft Yahei\';font-size:13px;line-height:20px;white-space:normal;\">\r\n	刚下载的一个WeX5，解压后运行目录的“启动WeX5开发工具.bat”和“启动WeX5运行平台.bat”，这样就可以用浏览器连接和访问，如果App不选择打包资源，那修改的资源，App 也会自动更新。\r\n</p>\r\n<p style=\"box-sizing:border-box;margin-top:0px;margin-bottom:20px;color:#747474;font-family:\'Microsoft Yahei\';font-size:13px;line-height:20px;white-space:normal;\">\r\n	<br />\r\n</p>\r\n<p style=\"box-sizing:border-box;margin-top:0px;margin-bottom:20px;color:#747474;font-family:\'Microsoft Yahei\';font-size:13px;line-height:20px;white-space:normal;padding-left:30px;\">\r\n	<span style=\"box-sizing:border-box;color:#00CCFF;\">本文由WeX5君整理，WeX5一款开源免费的<a href=\"http://doc.wex5.com/wex5/\" target=\"_blank\" style=\"box-sizing:border-box;text-decoration:none;color:#00CCFF;\">html5开发工具</a>，<a href=\"http://doc.wex5.com/news\" target=\"_blank\" style=\"box-sizing:border-box;text-decoration:none;color:#00CCFF;\">H5 App</a>开发就用WeX5!</span> \r\n</p>\r\n<p style=\"box-sizing:border-box;margin-top:0px;margin-bottom:20px;color:#747474;font-family:\'Microsoft Yahei\';font-size:13px;line-height:20px;white-space:normal;padding-left:30px;\">\r\n	<span style=\"box-sizing:border-box;color:#00CCFF;\">阅读其他<a href=\"http://doc.wex5.com/?p=3443\" target=\"_blank\" style=\"box-sizing:border-box;text-decoration:none;color:#00CCFF;\">app 开发</a>相关文章：<a href=\"http://doc.wex5.com/?p=3443\" target=\"_blank\" style=\"box-sizing:border-box;text-decoration:none;color:#00CCFF;\">http://doc.wex5.com/?p=3443</a></span> \r\n</p>', '0', '1', '0', '436', 'http://42.96.159.122:8080/WeX5_data/image/20160416/BEgksKpqdM_!!800x300.jpg', '1461067042', '1', '1');

-- ----------------------------
-- Table structure for `w_question`
-- ----------------------------
DROP TABLE IF EXISTS `w_question`;
CREATE TABLE `w_question` (
  `id` int(10) unsigned NOT NULL AUTO_INCREMENT COMMENT 'id，序号',
  `question_name` varchar(300) NOT NULL DEFAULT '1' COMMENT '题干描述',
  `status` int(1) DEFAULT '1' COMMENT '数据状态：0不可用，1可用',
  `add_time` int(10) DEFAULT '0' COMMENT '添加时间',
  `choice_namea` varchar(255) DEFAULT NULL,
  `choice_nameb` varchar(255) DEFAULT NULL,
  `choice_namec` varchar(255) DEFAULT NULL,
  `choice_named` varchar(20) DEFAULT '无' COMMENT '选项描述',
  `question_type` int(1) DEFAULT '1' COMMENT '1:选择题，2：判断题',
  `choice_value` int(1) DEFAULT '0' COMMENT '正确值 0A 1B2C3D',
  PRIMARY KEY (`id`)
) ENGINE=InnoDB AUTO_INCREMENT=16 DEFAULT CHARSET=utf8;

-- ----------------------------
-- Records of w_question
-- ----------------------------
INSERT INTO `w_question` VALUES ('5', 'WeX5是基于哪个开发的', '1', '1462899354', 'HTML5', 'JAVA', 'C++', 'PHP', '1', '0');
INSERT INTO `w_question` VALUES ('6', '下列哪个不是WeX5的特点', '1', '1462899546', '拥有丰富的UI组件', '可拖拽式开发', '一次开发，多端部署', '以PHP为基础', '1', '3');
INSERT INTO `w_question` VALUES ('8', 'WeX5有几种部署方式？', '1', '1462899744', '1种', '2种', '3种', '4种', '1', '3');
INSERT INTO `w_question` VALUES ('9', 'WeX5自带的是servlet是什么?', '1', '1462899839', 'Baas', 'Caas', 'Daas', 'Aaas', '1', '0');

-- ----------------------------
-- Table structure for `w_recru`
-- ----------------------------
DROP TABLE IF EXISTS `w_recru`;
CREATE TABLE `w_recru` (
  `id` int(10) unsigned NOT NULL AUTO_INCREMENT COMMENT '公司招聘表',
  `job` varchar(20) DEFAULT '' COMMENT '职位',
  `address` varchar(255) DEFAULT '' COMMENT '地点',
  `description` varchar(20000) DEFAULT NULL COMMENT '职位描述',
  `year_salary` varchar(255) DEFAULT '1' COMMENT '职位年薪',
  `job_tag` varchar(20) DEFAULT '' COMMENT '职位标签，以”|”分开存储',
  `require_tag` varchar(20) DEFAULT '' COMMENT '职位要求，以”|”分开存储',
  `add_user` int(10) DEFAULT NULL COMMENT '添加人',
  `add_time` int(20) DEFAULT '0' COMMENT '添加时间',
  `end_time` int(20) DEFAULT '0' COMMENT '截止时间',
  `status` int(1) DEFAULT '1' COMMENT '用户状态:0：不可用；1：可用,默认1',
  PRIMARY KEY (`id`)
) ENGINE=InnoDB AUTO_INCREMENT=3 DEFAULT CHARSET=utf8;

-- ----------------------------
-- Records of w_recru
-- ----------------------------
INSERT INTO `w_recru` VALUES ('1', '项目经理', '', '岗位职责：\r\n1、负责公司CRM软件研发相关工作；\r\n2、负责公司项目平台的维护和系统优化；\r\n3、负责微信管理平台开发；\r\n4、其他领导交办的工作。\r\n\r\n任职资格：\r\n1、精通PHP开发语言，熟悉面向对象的软件设计方法，3年以上PHP项目开发经验；\r\n2、熟练掌握LAMP框架开发技能，熟悉常见Web开发框架，有大型网站项目开发经验者优先；\r\n3、熟练掌握XHTML、DIV+CSS、JavaScript等页面技术，熟悉Web Service的调用，熟悉PHP多线程技术；\r\n4、熟悉MySQL数据库应用开发，精通MySQL的数据库配置管理、性能优化等基本操作技能；\r\n5、具备良好的代码编程习惯及较强的文档编写能力；\r\n6、有一定的英文基础，能阅读英文文档和邮件。', '10-20', '高薪|五险一金|弹性工作', '本科以上|两年经验|工作上进', '26917', '1462182429', '1462182490', '1');
INSERT INTO `w_recru` VALUES ('2', '测试人员', '', '找个好人', '10-12', '好男人|快来啊|', '没有要求|工作勤奋', '26923', '1462182429', '1462182490', '0');

-- ----------------------------
-- Table structure for `w_resume`
-- ----------------------------
DROP TABLE IF EXISTS `w_resume`;
CREATE TABLE `w_resume` (
  `id` int(10) unsigned NOT NULL AUTO_INCREMENT COMMENT '个人招聘表',
  `work_time` int(2) DEFAULT '0' COMMENT '已工作年数',
  `address` varchar(255) DEFAULT '' COMMENT '地点',
  `expected_salary` varchar(11) DEFAULT '1' COMMENT '期待月薪:',
  `work_status` int(1) DEFAULT '1' COMMENT '目前工作状态：1：在职；2：想跳槽；3：离职，正在找工作；4：在职，无跳槽打算',
  `quality` int(1) DEFAULT '1' COMMENT '学历',
  `user_school` varchar(20) DEFAULT '' COMMENT '毕业学校',
  `user_intro` varchar(225) DEFAULT '' COMMENT '自我简介',
  `user_tag` varchar(30) DEFAULT '' COMMENT '个人标签',
  `add_user` int(10) DEFAULT '1' COMMENT '用户ID',
  `add_time` int(8) DEFAULT '0' COMMENT '添加时间',
  `status` int(1) DEFAULT '1' COMMENT '用户状态:0：不可用；1：可用,默认1',
  `major` varchar(15) DEFAULT '',
  `expected_job` varchar(15) DEFAULT '',
  PRIMARY KEY (`id`)
) ENGINE=InnoDB AUTO_INCREMENT=2 DEFAULT CHARSET=utf8;

-- ----------------------------
-- Records of w_resume
-- ----------------------------
INSERT INTO `w_resume` VALUES ('1', '2', '浙江杭州', '12-20', '1', '1', '杭州电子科技大学信息工程学院', '分成功和健康美丽，； 的风格及模块了', '帅气|大方|责任心强|习惯合作', '26923', '1462237145', '1', null, null);

-- ----------------------------
-- Table structure for `w_role`
-- ----------------------------
DROP TABLE IF EXISTS `w_role`;
CREATE TABLE `w_role` (
  `id` int(10) unsigned NOT NULL AUTO_INCREMENT,
  `name` varchar(100) NOT NULL COMMENT '角色名称',
  `pid` int(10) unsigned NOT NULL DEFAULT '0' COMMENT '上级角色',
  `remark` varchar(255) NOT NULL COMMENT '备注',
  `status` tinyint(1) NOT NULL DEFAULT '1' COMMENT '状态(1:可用,0:不可用)',
  `add_time` int(10) unsigned NOT NULL DEFAULT '0' COMMENT '添加时间',
  PRIMARY KEY (`id`)
) ENGINE=InnoDB AUTO_INCREMENT=7 DEFAULT CHARSET=utf8 ROW_FORMAT=COMPACT COMMENT='角色表';

-- ----------------------------
-- Records of w_role
-- ----------------------------
INSERT INTO `w_role` VALUES ('1', '超级管理员', '0', '拥有最高权限', '1', '0');
INSERT INTO `w_role` VALUES ('2', '首页管理员', '0', '仅能够修改普通的资讯..', '1', '0');
INSERT INTO `w_role` VALUES ('3', '视频管理员', '0', '仅能够修改普通的视频..', '1', '0');
INSERT INTO `w_role` VALUES ('4', '招聘管理员', '0', '仅能够修改普通的招聘..', '1', '0');
INSERT INTO `w_role` VALUES ('5', '开发者', '0', '普通的开发者', '1', '0');
INSERT INTO `w_role` VALUES ('6', '招聘商', '0', '普通的招聘商', '1', '0');

-- ----------------------------
-- Table structure for `w_role_node`
-- ----------------------------
DROP TABLE IF EXISTS `w_role_node`;
CREATE TABLE `w_role_node` (
  `id` int(10) unsigned NOT NULL AUTO_INCREMENT,
  `role_id` int(10) unsigned NOT NULL COMMENT '角色id',
  `node_id` int(10) unsigned NOT NULL,
  `add_time` int(10) unsigned NOT NULL COMMENT '添加时间',
  PRIMARY KEY (`id`)
) ENGINE=InnoDB AUTO_INCREMENT=4347 DEFAULT CHARSET=utf8 ROW_FORMAT=COMPACT COMMENT='角色和权限节点关联表';

-- ----------------------------
-- Records of w_role_node
-- ----------------------------
INSERT INTO `w_role_node` VALUES ('4159', '5', '158', '1446005989');
INSERT INTO `w_role_node` VALUES ('4160', '5', '159', '1446005989');
INSERT INTO `w_role_node` VALUES ('4161', '5', '169', '1446005989');
INSERT INTO `w_role_node` VALUES ('4162', '5', '170', '1446005989');
INSERT INTO `w_role_node` VALUES ('4163', '5', '171', '1446005989');
INSERT INTO `w_role_node` VALUES ('4164', '5', '181', '1446005989');
INSERT INTO `w_role_node` VALUES ('4165', '5', '90', '1446005989');
INSERT INTO `w_role_node` VALUES ('4166', '5', '85', '1446005989');
INSERT INTO `w_role_node` VALUES ('4167', '5', '160', '1446005989');
INSERT INTO `w_role_node` VALUES ('4168', '5', '123', '1446005989');
INSERT INTO `w_role_node` VALUES ('4169', '5', '161', '1446005989');
INSERT INTO `w_role_node` VALUES ('4170', '5', '127', '1446005989');
INSERT INTO `w_role_node` VALUES ('4171', '5', '84', '1446005989');
INSERT INTO `w_role_node` VALUES ('4172', '5', '184', '1446005989');
INSERT INTO `w_role_node` VALUES ('4314', '2', '174', '1459247223');
INSERT INTO `w_role_node` VALUES ('4315', '2', '175', '1459247223');
INSERT INTO `w_role_node` VALUES ('4316', '2', '176', '1459247223');
INSERT INTO `w_role_node` VALUES ('4317', '3', '11', '1459247252');
INSERT INTO `w_role_node` VALUES ('4318', '3', '156', '1459247252');
INSERT INTO `w_role_node` VALUES ('4319', '3', '13', '1459247252');
INSERT INTO `w_role_node` VALUES ('4320', '4', '186', '1459247305');
INSERT INTO `w_role_node` VALUES ('4321', '4', '188', '1459247305');
INSERT INTO `w_role_node` VALUES ('4322', '4', '189', '1459247305');
INSERT INTO `w_role_node` VALUES ('4323', '1', '174', '1462892894');
INSERT INTO `w_role_node` VALUES ('4324', '1', '176', '1462892894');
INSERT INTO `w_role_node` VALUES ('4325', '1', '175', '1462892894');
INSERT INTO `w_role_node` VALUES ('4326', '1', '192', '1462892894');
INSERT INTO `w_role_node` VALUES ('4327', '1', '11', '1462892894');
INSERT INTO `w_role_node` VALUES ('4328', '1', '190', '1462892894');
INSERT INTO `w_role_node` VALUES ('4329', '1', '191', '1462892894');
INSERT INTO `w_role_node` VALUES ('4330', '1', '156', '1462892894');
INSERT INTO `w_role_node` VALUES ('4331', '1', '186', '1462892894');
INSERT INTO `w_role_node` VALUES ('4332', '1', '188', '1462892894');
INSERT INTO `w_role_node` VALUES ('4333', '1', '193', '1462892894');
INSERT INTO `w_role_node` VALUES ('4334', '1', '200', '1462892894');
INSERT INTO `w_role_node` VALUES ('4335', '1', '201', '1462892894');
INSERT INTO `w_role_node` VALUES ('4336', '1', '202', '1462892894');
INSERT INTO `w_role_node` VALUES ('4337', '1', '88', '1462892894');
INSERT INTO `w_role_node` VALUES ('4338', '1', '83', '1462892894');
INSERT INTO `w_role_node` VALUES ('4339', '1', '126', '1462892894');
INSERT INTO `w_role_node` VALUES ('4340', '1', '127', '1462892894');
INSERT INTO `w_role_node` VALUES ('4341', '1', '128', '1462892894');
INSERT INTO `w_role_node` VALUES ('4342', '1', '129', '1462892894');
INSERT INTO `w_role_node` VALUES ('4343', '1', '84', '1462892894');
INSERT INTO `w_role_node` VALUES ('4344', '1', '19', '1462892894');
INSERT INTO `w_role_node` VALUES ('4345', '1', '22', '1462892894');
INSERT INTO `w_role_node` VALUES ('4346', '1', '23', '1462892894');

-- ----------------------------
-- Table structure for `w_text`
-- ----------------------------
DROP TABLE IF EXISTS `w_text`;
CREATE TABLE `w_text` (
  `id` int(10) unsigned NOT NULL AUTO_INCREMENT COMMENT '文档学习表',
  `title` varchar(100) DEFAULT '' COMMENT '标题',
  `content` mediumtext COMMENT '内容',
  `sort_number` int(11) DEFAULT NULL COMMENT '排序值',
  `chapter_id` int(11) DEFAULT NULL COMMENT '所属章节id',
  `add_user` int(11) DEFAULT NULL,
  `add_time` int(11) DEFAULT NULL,
  `had_look` int(11) DEFAULT '0' COMMENT '评论数',
  `status` int(11) DEFAULT '1',
  PRIMARY KEY (`id`)
) ENGINE=InnoDB AUTO_INCREMENT=13 DEFAULT CHARSET=utf8;

-- ----------------------------
-- Records of w_text
-- ----------------------------
INSERT INTO `w_text` VALUES ('5', 'UI2前端框架基础01：应用和页面', '<p style=\"box-sizing:border-box;margin-top:0px;margin-bottom:20px;color:#747474;font-family:\'Microsoft Yahei\';font-size:13px;line-height:20px;white-space:normal;background-color:#FFFFFF;\">\r\n	本篇文章以最简单的hello应用为例，介绍UI2前端框架的应用、页面的概念，以及页面的两种编译方式和应用的三种部署方式。\r\n</p>\r\n<p style=\"box-sizing:border-box;margin-top:0px;margin-bottom:20px;color:#747474;font-family:\'Microsoft Yahei\';font-size:13px;line-height:20px;white-space:normal;background-color:#FFFFFF;\">\r\n	<span id=\"more-3560\" style=\"box-sizing:border-box;\"></span> \r\n</p>\r\n<p style=\"box-sizing:border-box;margin-top:0px;margin-bottom:20px;color:#747474;font-family:\'Microsoft Yahei\';font-size:13px;line-height:20px;white-space:normal;background-color:#FFFFFF;\">\r\n	目录\r\n</p>\r\n<p style=\"box-sizing:border-box;margin-top:0px;margin-bottom:20px;color:#747474;font-family:\'Microsoft Yahei\';font-size:13px;line-height:20px;white-space:normal;background-color:#FFFFFF;\">\r\n	<a href=\"http://doc.wex5.com/ui-framework-01/#1\" style=\"box-sizing:border-box;text-decoration:none;color:#333333;\">1 UI2的应用和页面</a><br style=\"box-sizing:border-box;\" />\r\n<a href=\"http://doc.wex5.com/ui-framework-01/#2\" style=\"box-sizing:border-box;text-decoration:none;color:#333333;\">2 制作一个简单的hello应用</a><br style=\"box-sizing:border-box;\" />\r\n<a href=\"http://doc.wex5.com/ui-framework-01/#3\" style=\"box-sizing:border-box;text-decoration:none;color:#333333;\">3 运行hello应用</a><br style=\"box-sizing:border-box;\" />\r\n<a href=\"http://doc.wex5.com/ui-framework-01/#4\" style=\"box-sizing:border-box;text-decoration:none;color:#333333;\">4 编译和部署hello应用</a><br style=\"box-sizing:border-box;\" />\r\n<a href=\"http://doc.wex5.com/ui-framework-01/#4.1\" style=\"box-sizing:border-box;text-decoration:none;color:#333333;\">4.1 页面编译方式一</a><br style=\"box-sizing:border-box;\" />\r\n<a href=\"http://doc.wex5.com/ui-framework-01/#4.2\" style=\"box-sizing:border-box;text-decoration:none;color:#333333;\">4.2 页面编译方式二</a><br style=\"box-sizing:border-box;\" />\r\n<a href=\"http://doc.wex5.com/ui-framework-01/#4.3\" style=\"box-sizing:border-box;text-decoration:none;color:#333333;\">4.3 UI三种部署运行方式</a> \r\n</p>\r\n<p style=\"box-sizing:border-box;margin-top:0px;margin-bottom:20px;color:#747474;font-family:\'Microsoft Yahei\';font-size:13px;line-height:20px;white-space:normal;background-color:#FFFFFF;\">\r\n	<a name=\"1\"></a> \r\n</p>\r\n<h2 data-fontsize=\"18\" data-lineheight=\"27\" style=\"box-sizing:border-box;color:#333333;margin:0em 0px 1.1em;font-family:\'Microsoft Yahei\';font-weight:400;padding-bottom:0px;font-size:18px;line-height:27px;white-space:normal;background-color:#FFFFFF;\">\r\n	1 UI2的应用和页面\r\n</h2>\r\n<p style=\"box-sizing:border-box;margin-top:0px;margin-bottom:20px;color:#747474;font-family:\'Microsoft Yahei\';font-size:13px;line-height:20px;white-space:normal;background-color:#FFFFFF;\">\r\n	启动WeX5 Studio，可以看到模型资源目录下有UI2、Native和Bass三个目录：<br style=\"box-sizing:border-box;\" />\r\nUI2：包含了所有WebUI的资源（.w、html、js、csss、图片等），为啥叫UI2，因为这是WeX5的第二代Web UI；<br style=\"box-sizing:border-box;\" />\r\nNative：用作移动app开发；<br style=\"box-sizing:border-box;\" />\r\nBaas：后端即服务Backend as a Service，为前端展现提供后端服务，例如访问数据库等等。\r\n</p>\r\n<p style=\"box-sizing:border-box;margin-top:0px;margin-bottom:20px;color:#747474;font-family:\'Microsoft Yahei\';font-size:13px;line-height:20px;white-space:normal;background-color:#FFFFFF;\">\r\n	<a href=\"http://doc.wex5.com/wp-content/uploads/2015/04/UI2-03.png\" data-caption=\"\" style=\"box-sizing:border-box;text-decoration:none;color:#333333;\"><img class=\"alignnone size-full wp-image-4121\" src=\"http://doc.wex5.com/wp-content/uploads/2015/04/UI2-03.png\" alt=\"UI2-03\" width=\"361\" height=\"656\" srcset=\"http://doc.wex5.com/wp-content/uploads/2015/04/UI2-03-165x300.png 165w, http://doc.wex5.com/wp-content/uploads/2015/04/UI2-03.png 361w\" sizes=\"(max-width: 361px) 100vw, 361px\" style=\"box-sizing:border-box;border-style:none;vertical-align:top;max-width:100%;height:auto;\" /></a> \r\n</p>\r\n<p style=\"box-sizing:border-box;margin-top:0px;margin-bottom:20px;color:#747474;font-family:\'Microsoft Yahei\';font-size:13px;line-height:20px;white-space:normal;background-color:#FFFFFF;\">\r\n	看上图UI2下的目录，所有的Web资源按目录组织，可以任意多级目录。system目录包含UI2框架的核心js库、css和组件等资源。UI2下除system目录之外的第一级目录我们通常称为一个Web应用，比如Demo、takeout就是WeX5自带的综合演示和外卖两个应用。每个应用由多个页面和相关的资源组成，比如外卖有一个页面(index.w)，demo应用就可以看到很多个页面。开发WeX5的应用，就是利用系统js库、css库和组件编写应用页面(.w)。\r\n</p>\r\n<p style=\"box-sizing:border-box;margin-top:0px;margin-bottom:20px;color:#747474;font-family:\'Microsoft Yahei\';font-size:13px;line-height:20px;white-space:normal;background-color:#FFFFFF;\">\r\n	<span style=\"box-sizing:border-box;color:#FF0000;\">页面是UI2的核心，页面是一个相对独立可复用的界面展现和交互单元，它即可作为Web页面独立运行，也可作为一个页面片段嵌入到别的页面运行。每个页面包括.w、.js和.css三个同名文件，.w是页面的主文件，.js和.css可以没有。如果页面有.js和.css文 件，.w在编译运行时会自动引入, 不需要手工在.w里链接引用。比如外卖页面包含index.w、index.js、index.csss三个文件，在浏览器请求index.w时，index.w会自动请求index.js和index.css。</span><br style=\"box-sizing:border-box;\" />\r\n<a name=\"2\"></a> \r\n</p>\r\n<h2 data-fontsize=\"18\" data-lineheight=\"27\" style=\"box-sizing:border-box;color:#333333;margin:0em 0px 1.1em;font-family:\'Microsoft Yahei\';font-weight:400;padding-bottom:0px;font-size:18px;line-height:27px;white-space:normal;background-color:#FFFFFF;\">\r\n	2 制作一个简单的hello应用\r\n</h2>\r\n<p style=\"box-sizing:border-box;margin-top:0px;margin-bottom:20px;color:#747474;font-family:\'Microsoft Yahei\';font-size:13px;line-height:20px;white-space:normal;background-color:#FFFFFF;\">\r\n	下面开发一个简单的hello应用，该应用只包含一个hello页面。hello页面包含hello.w和hello.js两个文件，没有特殊样式，所有不需要hello.css样式文件。在这个页面里放一个输入框（input）、一个输出框（output），功能就是在input里输入名字，output就会立即动态显示“hello,名字!”。在Studio里新建一个hello的空白页面，把下面代码拷贝粘贴到相应文件。\r\n</p>\r\n<p style=\"box-sizing:border-box;margin-top:0px;margin-bottom:20px;color:#747474;font-family:\'Microsoft Yahei\';font-size:13px;line-height:20px;white-space:normal;background-color:#FFFFFF;\">\r\n	hello.w\r\n</p>\r\n<div style=\"box-sizing:border-box;color:#747474;font-family:\'Microsoft Yahei\';font-size:13px;line-height:20px;white-space:normal;background-color:#FFFFFF;\">\r\n	<div id=\"highlighter_318209\" class=\"syntaxhighlighter  xml\" style=\"box-sizing:border-box;width:844px;margin:1em 0px !important;position:relative !important;overflow-x:auto !important;overflow-y:hidden !important;font-size:1em !important;\">\r\n		<table border=\"0\" cellpadding=\"0\" cellspacing=\"0\" style=\"max-width:100%;border-spacing:0px;width:1122px;box-sizing:content-box !important;border-radius:0px !important;border:0px !important;bottom:auto !important;float:none !important;height:auto !important;left:auto !important;line-height:1.1em !important;margin:0px !important;outline:0px !important;overflow:visible !important;padding:0px !important;position:static !important;right:auto !important;top:auto !important;vertical-align:baseline !important;font-family:Monaco, Consolas, \'Bitstream Vera Sans Mono\', \'Courier New\', Courier, monospace !important;font-size:1em !important;direction:ltr !important;box-shadow:none !important;table-layout:auto !important;background:none !important;\" class=\"ke-zeroborder\">\r\n			<tbody style=\"box-sizing:content-box !important;border-radius:0px !important;border:0px !important;bottom:auto !important;float:none !important;height:auto !important;left:auto !important;line-height:1.1em !important;margin:0px !important;outline:0px !important;overflow:visible !important;padding:0px !important;position:static !important;right:auto !important;top:auto !important;vertical-align:baseline !important;width:auto !important;font-size:1em !important;direction:ltr !important;box-shadow:none !important;background:none !important;\">\r\n				<tr style=\"box-sizing:content-box !important;border-radius:0px !important;border:0px !important;bottom:auto !important;float:none !important;height:auto !important;left:auto !important;line-height:1.1em !important;margin:0px !important;outline:0px !important;overflow:visible !important;padding:0px !important;position:static !important;right:auto !important;top:auto !important;vertical-align:baseline !important;width:auto !important;font-size:1em !important;direction:ltr !important;box-shadow:none !important;background:none !important;\">\r\n					<td class=\"gutter\" style=\"box-sizing:content-box !important;border:0px !important;border-radius:0px !important;bottom:auto !important;float:none !important;height:auto !important;left:auto !important;line-height:1.1em !important;margin:0px !important;outline:0px !important;overflow:visible !important;padding:0px !important;position:static !important;right:auto !important;top:auto !important;vertical-align:baseline !important;width:auto !important;font-family:Monaco, Consolas, \'Bitstream Vera Sans Mono\', \'Courier New\', Courier, monospace !important;font-size:1em !important;direction:ltr !important;box-shadow:none !important;color:#AFAFAF !important;background:none !important;\">\r\n						<div class=\"line number1 index0 alt2\" style=\"box-sizing:content-box !important;border-radius:0px !important;border-width:0px 3px 0px 0px !important;border-right-style:solid !important;border-right-color:#6CE26C !important;bottom:auto !important;float:none !important;height:auto !important;left:auto !important;line-height:1.1em !important;margin:0px !important;outline:0px !important;overflow:visible !important;padding:0px 0.5em 0px 1em !important;position:static !important;right:auto !important;text-align:right !important;top:auto !important;vertical-align:baseline !important;width:auto !important;font-size:1em !important;direction:ltr !important;box-shadow:none !important;white-space:pre !important;background-image:none !important;background-attachment:initial !important;background-size:initial !important;background-origin:initial !important;background-clip:initial !important;background-position:initial !important;background-repeat:initial !important;\">\r\n							1\r\n						</div>\r\n						<div class=\"line number2 index1 alt1\" style=\"box-sizing:content-box !important;border-radius:0px !important;border-width:0px 3px 0px 0px !important;border-right-style:solid !important;border-right-color:#6CE26C !important;bottom:auto !important;float:none !important;height:auto !important;left:auto !important;line-height:1.1em !important;margin:0px !important;outline:0px !important;overflow:visible !important;padding:0px 0.5em 0px 1em !important;position:static !important;right:auto !important;text-align:right !important;top:auto !important;vertical-align:baseline !important;width:auto !important;font-size:1em !important;direction:ltr !important;box-shadow:none !important;white-space:pre !important;background-image:none !important;background-attachment:initial !important;background-size:initial !important;background-origin:initial !important;background-clip:initial !important;background-position:initial !important;background-repeat:initial !important;\">\r\n							2\r\n						</div>\r\n						<div class=\"line number3 index2 alt2\" style=\"box-sizing:content-box !important;border-radius:0px !important;border-width:0px 3px 0px 0px !important;border-right-style:solid !important;border-right-color:#6CE26C !important;bottom:auto !important;float:none !important;height:auto !important;left:auto !important;line-height:1.1em !important;margin:0px !important;outline:0px !important;overflow:visible !important;padding:0px 0.5em 0px 1em !important;position:static !important;right:auto !important;text-align:right !important;top:auto !important;vertical-align:baseline !important;width:auto !important;font-size:1em !important;direction:ltr !important;box-shadow:none !important;white-space:pre !important;background-image:none !important;background-attachment:initial !important;background-size:initial !important;background-origin:initial !important;background-clip:initial !important;background-position:initial !important;background-repeat:initial !important;\">\r\n							3\r\n						</div>\r\n						<div class=\"line number4 index3 alt1\" style=\"box-sizing:content-box !important;border-radius:0px !important;border-width:0px 3px 0px 0px !important;border-right-style:solid !important;border-right-color:#6CE26C !important;bottom:auto !important;float:none !important;height:auto !important;left:auto !important;line-height:1.1em !important;margin:0px !important;outline:0px !important;overflow:visible !important;padding:0px 0.5em 0px 1em !important;position:static !important;right:auto !important;text-align:right !important;top:auto !important;vertical-align:baseline !important;width:auto !important;font-size:1em !important;direction:ltr !important;box-shadow:none !important;white-space:pre !important;background-image:none !important;background-attachment:initial !important;background-size:initial !important;background-origin:initial !important;background-clip:initial !important;background-position:initial !important;background-repeat:initial !important;\">\r\n							4\r\n						</div>\r\n						<div class=\"line number5 index4 alt2\" style=\"box-sizing:content-box !important;border-radius:0px !important;border-width:0px 3px 0px 0px !important;border-right-style:solid !important;border-right-color:#6CE26C !important;bottom:auto !important;float:none !important;height:auto !important;left:auto !important;line-height:1.1em !important;margin:0px !important;outline:0px !important;overflow:visible !important;padding:0px 0.5em 0px 1em !important;position:static !important;right:auto !important;text-align:right !important;top:auto !important;vertical-align:baseline !important;width:auto !important;font-size:1em !important;direction:ltr !important;box-shadow:none !important;white-space:pre !important;background-image:none !important;background-attachment:initial !important;background-size:initial !important;background-origin:initial !important;background-clip:initial !important;background-position:initial !important;background-repeat:initial !important;\">\r\n							5\r\n						</div>\r\n						<div class=\"line number6 index5 alt1\" style=\"box-sizing:content-box !important;border-radius:0px !important;border-width:0px 3px 0px 0px !important;border-right-style:solid !important;border-right-color:#6CE26C !important;bottom:auto !important;float:none !important;height:auto !important;left:auto !important;line-height:1.1em !important;margin:0px !important;outline:0px !important;overflow:visible !important;padding:0px 0.5em 0px 1em !important;position:static !important;right:auto !important;text-align:right !important;top:auto !important;vertical-align:baseline !important;width:auto !important;font-size:1em !important;direction:ltr !important;box-shadow:none !important;white-space:pre !important;background-image:none !important;background-attachment:initial !important;background-size:initial !important;background-origin:initial !important;background-clip:initial !important;background-position:initial !important;background-repeat:initial !important;\">\r\n							6\r\n						</div>\r\n						<div class=\"line number7 index6 alt2 highlighted\" style=\"box-sizing:content-box !important;border-radius:0px !important;border-width:0px 3px 0px 0px !important;border-right-style:solid !important;border-right-color:#6CE26C !important;bottom:auto !important;float:none !important;height:auto !important;left:auto !important;line-height:1.1em !important;margin:0px !important;outline:0px !important;overflow:visible !important;padding:0px 0.5em 0px 1em !important;position:static !important;right:auto !important;text-align:right !important;top:auto !important;vertical-align:baseline !important;width:auto !important;font-size:1em !important;direction:ltr !important;box-shadow:none !important;white-space:pre !important;color:white !important;background:none #6CE26C !important;\">\r\n							7\r\n						</div>\r\n						<div class=\"line number8 index7 alt1 highlighted\" style=\"box-sizing:content-box !important;border-radius:0px !important;border-width:0px 3px 0px 0px !important;border-right-style:solid !important;border-right-color:#6CE26C !important;bottom:auto !important;float:none !important;height:auto !important;left:auto !important;line-height:1.1em !important;margin:0px !important;outline:0px !important;overflow:visible !important;padding:0px 0.5em 0px 1em !important;position:static !important;right:auto !important;text-align:right !important;top:auto !important;vertical-align:baseline !important;width:auto !important;font-size:1em !important;direction:ltr !important;box-shadow:none !important;white-space:pre !important;color:white !important;background:none #6CE26C !important;\">\r\n							8\r\n						</div>\r\n						<div class=\"line number9 index8 alt2 highlighted\" style=\"box-sizing:content-box !important;border-radius:0px !important;border-width:0px 3px 0px 0px !important;border-right-style:solid !important;border-right-color:#6CE26C !important;bottom:auto !important;float:none !important;height:auto !important;left:auto !important;line-height:1.1em !important;margin:0px !important;outline:0px !important;overflow:visible !important;padding:0px 0.5em 0px 1em !important;position:static !important;right:auto !important;text-align:right !important;top:auto !important;vertical-align:baseline !important;width:auto !important;font-size:1em !important;direction:ltr !important;box-shadow:none !important;white-space:pre !important;color:white !important;background:none #6CE26C !important;\">\r\n							9\r\n						</div>\r\n						<div class=\"line number10 index9 alt1 highlighted\" style=\"box-sizing:content-box !important;border-radius:0px !important;border-width:0px 3px 0px 0px !important;border-right-style:solid !important;border-right-color:#6CE26C !important;bottom:auto !important;float:none !important;height:auto !important;left:auto !important;line-height:1.1em !important;margin:0px !important;outline:0px !important;overflow:visible !important;padding:0px 0.5em 0px 1em !important;position:static !important;right:auto !important;text-align:right !important;top:auto !important;vertical-align:baseline !important;width:auto !important;font-size:1em !important;direction:ltr !important;box-shadow:none !important;white-space:pre !important;color:white !important;background:none #6CE26C !important;\">\r\n							10\r\n						</div>\r\n						<div class=\"line number11 index10 alt2\" style=\"box-sizing:content-box !important;border-radius:0px !important;border-width:0px 3px 0px 0px !important;border-right-style:solid !important;border-right-color:#6CE26C !important;bottom:auto !important;float:none !important;height:auto !important;left:auto !important;line-height:1.1em !important;margin:0px !important;outline:0px !important;overflow:visible !important;padding:0px 0.5em 0px 1em !important;position:static !important;right:auto !important;text-align:right !important;top:auto !important;vertical-align:baseline !important;width:auto !important;font-size:1em !important;direction:ltr !important;box-shadow:none !important;white-space:pre !important;background-image:none !important;background-attachment:initial !important;background-size:initial !important;background-origin:initial !important;background-clip:initial !important;background-position:initial !important;background-repeat:initial !important;\">\r\n							11\r\n						</div>\r\n						<div class=\"line number12 index11 alt1\" style=\"box-sizing:content-box !important;border-radius:0px !important;border-width:0px 3px 0px 0px !important;border-right-style:solid !important;border-right-color:#6CE26C !important;bottom:auto !important;float:none !important;height:auto !important;left:auto !important;line-height:1.1em !important;margin:0px !important;outline:0px !important;overflow:visible !important;padding:0px 0.5em 0px 1em !important;position:static !important;right:auto !important;text-align:right !important;top:auto !important;vertical-align:baseline !important;width:auto !important;font-size:1em !important;direction:ltr !important;box-shadow:none !important;white-space:pre !important;background-image:none !important;background-attachment:initial !important;background-size:initial !important;background-origin:initial !important;background-clip:initial !important;background-position:initial !important;background-repeat:initial !important;\">\r\n							12\r\n						</div>\r\n						<div class=\"line number13 index12 alt2\" style=\"box-sizing:content-box !important;border-radius:0px !important;border-width:0px 3px 0px 0px !important;border-right-style:solid !important;border-right-color:#6CE26C !important;bottom:auto !important;float:none !important;height:auto !important;left:auto !important;line-height:1.1em !important;margin:0px !important;outline:0px !important;overflow:visible !important;padding:0px 0.5em 0px 1em !important;position:static !important;right:auto !important;text-align:right !important;top:auto !important;vertical-align:baseline !important;width:auto !important;font-size:1em !important;direction:ltr !important;box-shadow:none !important;white-space:pre !important;background-image:none !important;background-attachment:initial !important;background-size:initial !important;background-origin:initial !important;background-clip:initial !important;background-position:initial !important;background-repeat:initial !important;\">\r\n							13\r\n						</div>\r\n						<div class=\"line number14 index13 alt1\" style=\"box-sizing:content-box !important;border-radius:0px !important;border-width:0px 3px 0px 0px !important;border-right-style:solid !important;border-right-color:#6CE26C !important;bottom:auto !important;float:none !important;height:auto !important;left:auto !important;line-height:1.1em !important;margin:0px !important;outline:0px !important;overflow:visible !important;padding:0px 0.5em 0px 1em !important;position:static !important;right:auto !important;text-align:right !important;top:auto !important;vertical-align:baseline !important;width:auto !important;font-size:1em !important;direction:ltr !important;box-shadow:none !important;white-space:pre !important;background-image:none !important;background-attachment:initial !important;background-size:initial !important;background-origin:initial !important;background-clip:initial !important;background-position:initial !important;background-repeat:initial !important;\">\r\n							14\r\n						</div>\r\n						<div class=\"line number15 index14 alt2\" style=\"box-sizing:content-box !important;border-radius:0px !important;border-width:0px 3px 0px 0px !important;border-right-style:solid !important;border-right-color:#6CE26C !important;bottom:auto !important;float:none !important;height:auto !important;left:auto !important;line-height:1.1em !important;margin:0px !important;outline:0px !important;overflow:visible !important;padding:0px 0.5em 0px 1em !important;position:static !important;right:auto !important;text-align:right !important;top:auto !important;vertical-align:baseline !important;width:auto !important;font-size:1em !important;direction:ltr !important;box-shadow:none !important;white-space:pre !important;background-image:none !important;background-attachment:initial !important;background-size:initial !important;background-origin:initial !important;background-clip:initial !important;background-position:initial !important;background-repeat:initial !important;\">\r\n							15\r\n						</div>\r\n					</td>\r\n					<td class=\"code\" style=\"width:1085px;box-sizing:content-box !important;border:0px !important;border-radius:0px !important;bottom:auto !important;float:none !important;height:auto !important;left:auto !important;line-height:1.1em !important;margin:0px !important;outline:0px !important;overflow:visible !important;padding:0px !important;position:static !important;right:auto !important;top:auto !important;vertical-align:baseline !important;font-family:Monaco, Consolas, \'Bitstream Vera Sans Mono\', \'Courier New\', Courier, monospace !important;font-size:1em !important;direction:ltr !important;box-shadow:none !important;background:none !important;\">\r\n						<div class=\"container\" style=\"box-sizing:content-box !important;margin:0px !important;padding:0px !important;width:auto !important;overflow:visible !important;border-radius:0px !important;border:0px !important;bottom:auto !important;float:none !important;height:auto !important;left:auto !important;line-height:1.1em !important;outline:0px !important;position:relative !important;right:auto !important;top:auto !important;vertical-align:baseline !important;font-size:1em !important;direction:ltr !important;box-shadow:none !important;background:none !important;\">\r\n							<div class=\"line number1 index0 alt2\" style=\"box-sizing:content-box !important;border-radius:0px !important;border:0px !important;bottom:auto !important;float:none !important;height:auto !important;left:auto !important;line-height:1.1em !important;margin:0px !important;outline:0px !important;overflow:visible !important;padding:0px 1em !important;position:static !important;right:auto !important;top:auto !important;vertical-align:baseline !important;width:auto !important;font-size:1em !important;direction:ltr !important;box-shadow:none !important;white-space:pre !important;background-image:none !important;background-attachment:initial !important;background-size:initial !important;background-origin:initial !important;background-clip:initial !important;background-position:initial !important;background-repeat:initial !important;\">\r\n								<code class=\"xml plain\" style=\"box-sizing:content-box !important;border-radius:0px !important;border:0px !important;bottom:auto !important;float:none !important;height:auto !important;left:auto !important;line-height:1.1em !important;margin:0px !important;outline:0px !important;overflow:visible !important;padding:0px !important;position:static !important;right:auto !important;top:auto !important;vertical-align:baseline !important;width:auto !important;font-family:Monaco, Consolas, \'Bitstream Vera Sans Mono\', \'Courier New\', Courier, monospace !important;font-size:1em !important;direction:ltr !important;box-shadow:none !important;display:inline !important;background:none !important;\"><!--?</code--><code class=\"xml keyword\" style=\"box-sizing:content-box !important;border-radius:0px !important;border:0px !important;bottom:auto !important;float:none !important;height:auto !important;left:auto !important;line-height:1.1em !important;margin:0px !important;outline:0px !important;overflow:visible !important;padding:0px !important;position:static !important;right:auto !important;top:auto !important;vertical-align:baseline !important;width:auto !important;font-family:Monaco, Consolas, \'Bitstream Vera Sans Mono\', \'Courier New\', Courier, monospace !important;font-weight:bold !important;font-size:1em !important;direction:ltr !important;box-shadow:none !important;display:inline !important;color:#006699 !important;background:none !important;\">xml</code> <code class=\"xml color1\" style=\"box-sizing:content-box !important;border-radius:0px !important;border:0px !important;bottom:auto !important;float:none !important;height:auto !important;left:auto !important;line-height:1.1em !important;margin:0px !important;outline:0px !important;overflow:visible !important;padding:0px !important;position:static !important;right:auto !important;top:auto !important;vertical-align:baseline !important;width:auto !important;font-family:Monaco, Consolas, \'Bitstream Vera Sans Mono\', \'Courier New\', Courier, monospace !important;font-size:1em !important;direction:ltr !important;box-shadow:none !important;display:inline !important;color:gray !important;background:none !important;\">version</code><code class=\"xml plain\" style=\"box-sizing:content-box !important;border-radius:0px !important;border:0px !important;bottom:auto !important;float:none !important;height:auto !important;left:auto !important;line-height:1.1em !important;margin:0px !important;outline:0px !important;overflow:visible !important;padding:0px !important;position:static !important;right:auto !important;top:auto !important;vertical-align:baseline !important;width:auto !important;font-family:Monaco, Consolas, \'Bitstream Vera Sans Mono\', \'Courier New\', Courier, monospace !important;font-size:1em !important;direction:ltr !important;box-shadow:none !important;display:inline !important;background:none !important;\">=</code><code class=\"xml string\" style=\"box-sizing:content-box !important;border-radius:0px !important;border:0px !important;bottom:auto !important;float:none !important;height:auto !important;left:auto !important;line-height:1.1em !important;margin:0px !important;outline:0px !important;overflow:visible !important;padding:0px !important;position:static !important;right:auto !important;top:auto !important;vertical-align:baseline !important;width:auto !important;font-family:Monaco, Consolas, \'Bitstream Vera Sans Mono\', \'Courier New\', Courier, monospace !important;font-size:1em !important;direction:ltr !important;box-shadow:none !important;display:inline !important;color:blue !important;background:none !important;\">\"1.0\"</code> <code class=\"xml color1\" style=\"box-sizing:content-box !important;border-radius:0px !important;border:0px !important;bottom:auto !important;float:none !important;height:auto !important;left:auto !important;line-height:1.1em !important;margin:0px !important;outline:0px !important;overflow:visible !important;padding:0px !important;position:static !important;right:auto !important;top:auto !important;vertical-align:baseline !important;width:auto !important;font-family:Monaco, Consolas, \'Bitstream Vera Sans Mono\', \'Courier New\', Courier, monospace !important;font-size:1em !important;direction:ltr !important;box-shadow:none !important;display:inline !important;color:gray !important;background:none !important;\">encoding</code><code class=\"xml plain\" style=\"box-sizing:content-box !important;border-radius:0px !important;border:0px !important;bottom:auto !important;float:none !important;height:auto !important;left:auto !important;line-height:1.1em !important;margin:0px !important;outline:0px !important;overflow:visible !important;padding:0px !important;position:static !important;right:auto !important;top:auto !important;vertical-align:baseline !important;width:auto !important;font-family:Monaco, Consolas, \'Bitstream Vera Sans Mono\', \'Courier New\', Courier, monospace !important;font-size:1em !important;direction:ltr !important;box-shadow:none !important;display:inline !important;background:none !important;\">=</code><code class=\"xml string\" style=\"box-sizing:content-box !important;border-radius:0px !important;border:0px !important;bottom:auto !important;float:none !important;height:auto !important;left:auto !important;line-height:1.1em !important;margin:0px !important;outline:0px !important;overflow:visible !important;padding:0px !important;position:static !important;right:auto !important;top:auto !important;vertical-align:baseline !important;width:auto !important;font-family:Monaco, Consolas, \'Bitstream Vera Sans Mono\', \'Courier New\', Courier, monospace !important;font-size:1em !important;direction:ltr !important;box-shadow:none !important;display:inline !important;color:blue !important;background:none !important;\">\"UTF-8\"</code><code class=\"xml plain\" style=\"box-sizing:content-box !important;border-radius:0px !important;border:0px !important;bottom:auto !important;float:none !important;height:auto !important;left:auto !important;line-height:1.1em !important;margin:0px !important;outline:0px !important;overflow:visible !important;padding:0px !important;position:static !important;right:auto !important;top:auto !important;vertical-align:baseline !important;width:auto !important;font-family:Monaco, Consolas, \'Bitstream Vera Sans Mono\', \'Courier New\', Courier, monospace !important;font-size:1em !important;direction:ltr !important;box-shadow:none !important;display:inline !important;background:none !important;\">?&gt;</code> </code>\r\n							</div>\r\n							<div class=\"line number2 index1 alt1\" style=\"box-sizing:content-box !important;border-radius:0px !important;border:0px !important;bottom:auto !important;float:none !important;height:auto !important;left:auto !important;line-height:1.1em !important;margin:0px !important;outline:0px !important;overflow:visible !important;padding:0px 1em !important;position:static !important;right:auto !important;top:auto !important;vertical-align:baseline !important;width:auto !important;font-size:1em !important;direction:ltr !important;box-shadow:none !important;white-space:pre !important;background-image:none !important;background-attachment:initial !important;background-size:initial !important;background-origin:initial !important;background-clip:initial !important;background-position:initial !important;background-repeat:initial !important;\">\r\n								<code class=\"xml plain\" style=\"box-sizing:content-box !important;border-radius:0px !important;border:0px !important;bottom:auto !important;float:none !important;height:auto !important;left:auto !important;line-height:1.1em !important;margin:0px !important;outline:0px !important;overflow:visible !important;padding:0px !important;position:static !important;right:auto !important;top:auto !important;vertical-align:baseline !important;width:auto !important;font-family:Monaco, Consolas, \'Bitstream Vera Sans Mono\', \'Courier New\', Courier, monospace !important;font-size:1em !important;direction:ltr !important;box-shadow:none !important;display:inline !important;background:none !important;\">&nbsp;</code>\r\n							</div>\r\n							<div class=\"line number3 index2 alt2\" style=\"box-sizing:content-box !important;border-radius:0px !important;border:0px !important;bottom:auto !important;float:none !important;height:auto !important;left:auto !important;line-height:1.1em !important;margin:0px !important;outline:0px !important;overflow:visible !important;padding:0px 1em !important;position:static !important;right:auto !important;top:auto !important;vertical-align:baseline !important;width:auto !important;font-size:1em !important;direction:ltr !important;box-shadow:none !important;white-space:pre !important;background-image:none !important;background-attachment:initial !important;background-size:initial !important;background-origin:initial !important;background-clip:initial !important;background-position:initial !important;background-repeat:initial !important;\">\r\n								<code class=\"xml plain\" style=\"box-sizing:content-box !important;border-radius:0px !important;border:0px !important;bottom:auto !important;float:none !important;height:auto !important;left:auto !important;line-height:1.1em !important;margin:0px !important;outline:0px !important;overflow:visible !important;padding:0px !important;position:static !important;right:auto !important;top:auto !important;vertical-align:baseline !important;width:auto !important;font-family:Monaco, Consolas, \'Bitstream Vera Sans Mono\', \'Courier New\', Courier, monospace !important;font-size:1em !important;direction:ltr !important;box-shadow:none !important;display:inline !important;background:none !important;\">&nbsp;</code>\r\n							</div>\r\n							<div class=\"line number4 index3 alt1\" style=\"box-sizing:content-box !important;border-radius:0px !important;border:0px !important;bottom:auto !important;float:none !important;height:auto !important;left:auto !important;line-height:1.1em !important;margin:0px !important;outline:0px !important;overflow:visible !important;padding:0px 1em !important;position:static !important;right:auto !important;top:auto !important;vertical-align:baseline !important;width:auto !important;font-size:1em !important;direction:ltr !important;box-shadow:none !important;white-space:pre !important;background-image:none !important;background-attachment:initial !important;background-size:initial !important;background-origin:initial !important;background-clip:initial !important;background-position:initial !important;background-repeat:initial !important;\">\r\n								<code class=\"xml plain\" style=\"box-sizing:content-box !important;border-radius:0px !important;border:0px !important;bottom:auto !important;float:none !important;height:auto !important;left:auto !important;line-height:1.1em !important;margin:0px !important;outline:0px !important;overflow:visible !important;padding:0px !important;position:static !important;right:auto !important;top:auto !important;vertical-align:baseline !important;width:auto !important;font-family:Monaco, Consolas, \'Bitstream Vera Sans Mono\', \'Courier New\', Courier, monospace !important;font-size:1em !important;direction:ltr !important;box-shadow:none !important;display:inline !important;background:none !important;\">&nbsp;</code>\r\n							</div>\r\n							<div class=\"line number5 index4 alt2\" style=\"box-sizing:content-box !important;border-radius:0px !important;border:0px !important;bottom:auto !important;float:none !important;height:auto !important;left:auto !important;line-height:1.1em !important;margin:0px !important;outline:0px !important;overflow:visible !important;padding:0px 1em !important;position:static !important;right:auto !important;top:auto !important;vertical-align:baseline !important;width:auto !important;font-size:1em !important;direction:ltr !important;box-shadow:none !important;white-space:pre !important;background-image:none !important;background-attachment:initial !important;background-size:initial !important;background-origin:initial !important;background-clip:initial !important;background-position:initial !important;background-repeat:initial !important;\">\r\n								<code class=\"xml plain\" style=\"box-sizing:content-box !important;border-radius:0px !important;border:0px !important;bottom:auto !important;float:none !important;height:auto !important;left:auto !important;line-height:1.1em !important;margin:0px !important;outline:0px !important;overflow:visible !important;padding:0px !important;position:static !important;right:auto !important;top:auto !important;vertical-align:baseline !important;width:auto !important;font-family:Monaco, Consolas, \'Bitstream Vera Sans Mono\', \'Courier New\', Courier, monospace !important;font-size:1em !important;direction:ltr !important;box-shadow:none !important;display:inline !important;background:none !important;\"><code class=\"xml plain\" style=\"box-sizing:content-box !important;border-radius:0px !important;border:0px !important;bottom:auto !important;float:none !important;height:auto !important;left:auto !important;line-height:1.1em !important;margin:0px !important;outline:0px !important;overflow:visible !important;padding:0px !important;position:static !important;right:auto !important;top:auto !important;vertical-align:baseline !important;width:auto !important;font-family:Monaco, Consolas, \'Bitstream Vera Sans Mono\', \'Courier New\', Courier, monospace !important;font-size:1em !important;direction:ltr !important;box-shadow:none !important;display:inline !important;background:none !important;\">&lt;</code><code class=\"xml keyword\" style=\"box-sizing:content-box !important;border-radius:0px !important;border:0px !important;bottom:auto !important;float:none !important;height:auto !important;left:auto !important;line-height:1.1em !important;margin:0px !important;outline:0px !important;overflow:visible !important;padding:0px !important;position:static !important;right:auto !important;top:auto !important;vertical-align:baseline !important;width:auto !important;font-family:Monaco, Consolas, \'Bitstream Vera Sans Mono\', \'Courier New\', Courier, monospace !important;font-weight:bold !important;font-size:1em !important;direction:ltr !important;box-shadow:none !important;display:inline !important;color:#006699 !important;background:none !important;\">div</code> <code class=\"xml color1\" style=\"box-sizing:content-box !important;border-radius:0px !important;border:0px !important;bottom:auto !important;float:none !important;height:auto !important;left:auto !important;line-height:1.1em !important;margin:0px !important;outline:0px !important;overflow:visible !important;padding:0px !important;position:static !important;right:auto !important;top:auto !important;vertical-align:baseline !important;width:auto !important;font-family:Monaco, Consolas, \'Bitstream Vera Sans Mono\', \'Courier New\', Courier, monospace !important;font-size:1em !important;direction:ltr !important;box-shadow:none !important;display:inline !important;color:gray !important;background:none !important;\">xmlns</code><code class=\"xml plain\" style=\"box-sizing:content-box !important;border-radius:0px !important;border:0px !important;bottom:auto !important;float:none !important;height:auto !important;left:auto !important;line-height:1.1em !important;margin:0px !important;outline:0px !important;overflow:visible !important;padding:0px !important;position:static !important;right:auto !important;top:auto !important;vertical-align:baseline !important;width:auto !important;font-family:Monaco, Consolas, \'Bitstream Vera Sans Mono\', \'Courier New\', Courier, monospace !important;font-size:1em !important;direction:ltr !important;box-shadow:none !important;display:inline !important;background:none !important;\">=</code><code class=\"xml string\" style=\"box-sizing:content-box !important;border-radius:0px !important;border:0px !important;bottom:auto !important;float:none !important;height:auto !important;left:auto !important;line-height:1.1em !important;margin:0px !important;outline:0px !important;overflow:visible !important;padding:0px !important;position:static !important;right:auto !important;top:auto !important;vertical-align:baseline !important;width:auto !important;font-family:Monaco, Consolas, \'Bitstream Vera Sans Mono\', \'Courier New\', Courier, monospace !important;font-size:1em !important;direction:ltr !important;box-shadow:none !important;display:inline !important;color:blue !important;background:none !important;\">\"<a href=\"http://www.w3.org/1999/xhtml\" style=\"text-decoration:none;box-sizing:content-box !important;color:blue !important;border-radius:0px !important;border:0px !important;bottom:auto !important;float:none !important;height:auto !important;left:auto !important;line-height:1.1em !important;margin:0px !important;outline:0px !important;overflow:visible !important;padding:0px !important;position:static !important;right:auto !important;top:auto !important;vertical-align:baseline !important;width:auto !important;font-size:1em !important;direction:ltr !important;box-shadow:none !important;background:none !important;\">http://www.w3.org/1999/xhtml</a>\"</code> <code class=\"xml color1\" style=\"box-sizing:content-box !important;border-radius:0px !important;border:0px !important;bottom:auto !important;float:none !important;height:auto !important;left:auto !important;line-height:1.1em !important;margin:0px !important;outline:0px !important;overflow:visible !important;padding:0px !important;position:static !important;right:auto !important;top:auto !important;vertical-align:baseline !important;width:auto !important;font-family:Monaco, Consolas, \'Bitstream Vera Sans Mono\', \'Courier New\', Courier, monospace !important;font-size:1em !important;direction:ltr !important;box-shadow:none !important;display:inline !important;color:gray !important;background:none !important;\">xid</code><code class=\"xml plain\" style=\"box-sizing:content-box !important;border-radius:0px !important;border:0px !important;bottom:auto !important;float:none !important;height:auto !important;left:auto !important;line-height:1.1em !important;margin:0px !important;outline:0px !important;overflow:visible !important;padding:0px !important;position:static !important;right:auto !important;top:auto !important;vertical-align:baseline !important;width:auto !important;font-family:Monaco, Consolas, \'Bitstream Vera Sans Mono\', \'Courier New\', Courier, monospace !important;font-size:1em !important;direction:ltr !important;box-shadow:none !important;display:inline !important;background:none !important;\">=</code><code class=\"xml string\" style=\"box-sizing:content-box !important;border-radius:0px !important;border:0px !important;bottom:auto !important;float:none !important;height:auto !important;left:auto !important;line-height:1.1em !important;margin:0px !important;outline:0px !important;overflow:visible !important;padding:0px !important;position:static !important;right:auto !important;top:auto !important;vertical-align:baseline !important;width:auto !important;font-family:Monaco, Consolas, \'Bitstream Vera Sans Mono\', \'Courier New\', Courier, monospace !important;font-size:1em !important;direction:ltr !important;box-shadow:none !important;display:inline !important;color:blue !important;background:none !important;\">\"window\"</code> <code class=\"xml color1\" style=\"box-sizing:content-box !important;border-radius:0px !important;border:0px !important;bottom:auto !important;float:none !important;height:auto !important;left:auto !important;line-height:1.1em !important;margin:0px !important;outline:0px !important;overflow:visible !important;padding:0px !important;position:static !important;right:auto !important;top:auto !important;vertical-align:baseline !important;width:auto !important;font-family:Monaco, Consolas, \'Bitstream Vera Sans Mono\', \'Courier New\', Courier, monospace !important;font-size:1em !important;direction:ltr !important;box-shadow:none !important;display:inline !important;color:gray !important;background:none !important;\">class</code><code class=\"xml plain\" style=\"box-sizing:content-box !important;border-radius:0px !important;border:0px !important;bottom:auto !important;float:none !important;height:auto !important;left:auto !important;line-height:1.1em !important;margin:0px !important;outline:0px !important;overflow:visible !important;padding:0px !important;position:static !important;right:auto !important;top:auto !important;vertical-align:baseline !important;width:auto !important;font-family:Monaco, Consolas, \'Bitstream Vera Sans Mono\', \'Courier New\', Courier, monospace !important;font-size:1em !important;direction:ltr !important;box-shadow:none !important;display:inline !important;background:none !important;\">=</code><code class=\"xml string\" style=\"box-sizing:content-box !important;border-radius:0px !important;border:0px !important;bottom:auto !important;float:none !important;height:auto !important;left:auto !important;line-height:1.1em !important;margin:0px !important;outline:0px !important;overflow:visible !important;padding:0px !important;position:static !important;right:auto !important;top:auto !important;vertical-align:baseline !important;width:auto !important;font-family:Monaco, Consolas, \'Bitstream Vera Sans Mono\', \'Courier New\', Courier, monospace !important;font-size:1em !important;direction:ltr !important;box-shadow:none !important;display:inline !important;color:blue !important;background:none !important;\">\"window\"</code> <code class=\"xml color1\" style=\"box-sizing:content-box !important;border-radius:0px !important;border:0px !important;bottom:auto !important;float:none !important;height:auto !important;left:auto !important;line-height:1.1em !important;margin:0px !important;outline:0px !important;overflow:visible !important;padding:0px !important;position:static !important;right:auto !important;top:auto !important;vertical-align:baseline !important;width:auto !important;font-family:Monaco, Consolas, \'Bitstream Vera Sans Mono\', \'Courier New\', Courier, monospace !important;font-size:1em !important;direction:ltr !important;box-shadow:none !important;display:inline !important;color:gray !important;background:none !important;\">component</code><code class=\"xml plain\" style=\"box-sizing:content-box !important;border-radius:0px !important;border:0px !important;bottom:auto !important;float:none !important;height:auto !important;left:auto !important;line-height:1.1em !important;margin:0px !important;outline:0px !important;overflow:visible !important;padding:0px !important;position:static !important;right:auto !important;top:auto !important;vertical-align:baseline !important;width:auto !important;font-family:Monaco, Consolas, \'Bitstream Vera Sans Mono\', \'Courier New\', Courier, monospace !important;font-size:1em !important;direction:ltr !important;box-shadow:none !important;display:inline !important;background:none !important;\">=</code><code class=\"xml string\" style=\"box-sizing:content-box !important;border-radius:0px !important;border:0px !important;bottom:auto !important;float:none !important;height:auto !important;left:auto !important;line-height:1.1em !important;margin:0px !important;outline:0px !important;overflow:visible !important;padding:0px !important;position:static !important;right:auto !important;top:auto !important;vertical-align:baseline !important;width:auto !important;font-family:Monaco, Consolas, \'Bitstream Vera Sans Mono\', \'Courier New\', Courier, monospace !important;font-size:1em !important;direction:ltr !important;box-shadow:none !important;display:inline !important;color:blue !important;background:none !important;\">\"$UI/system/components/justep/window/window\"</code> <code class=\"xml color1\" style=\"box-sizing:content-box !important;border-radius:0px !important;border:0px !important;bottom:auto !important;float:none !important;height:auto !important;left:auto !important;line-height:1.1em !important;margin:0px !important;outline:0px !important;overflow:visible !important;padding:0px !important;position:static !important;right:auto !important;top:auto !important;vertical-align:baseline !important;width:auto !important;font-family:Monaco, Consolas, \'Bitstream Vera Sans Mono\', \'Courier New\', Courier, monospace !important;font-size:1em !important;direction:ltr !important;box-shadow:none !important;display:inline !important;color:gray !important;background:none !important;\">design</code><code class=\"xml plain\" style=\"box-sizing:content-box !important;border-radius:0px !important;border:0px !important;bottom:auto !important;float:none !important;height:auto !important;left:auto !important;line-height:1.1em !important;margin:0px !important;outline:0px !important;overflow:visible !important;padding:0px !important;position:static !important;right:auto !important;top:auto !important;vertical-align:baseline !important;width:auto !important;font-family:Monaco, Consolas, \'Bitstream Vera Sans Mono\', \'Courier New\', Courier, monospace !important;font-size:1em !important;direction:ltr !important;box-shadow:none !important;display:inline !important;background:none !important;\">=</code><code class=\"xml string\" style=\"box-sizing:content-box !important;border-radius:0px !important;border:0px !important;bottom:auto !important;float:none !important;height:auto !important;left:auto !important;line-height:1.1em !important;margin:0px !important;outline:0px !important;overflow:visible !important;padding:0px !important;position:static !important;right:auto !important;top:auto !important;vertical-align:baseline !important;width:auto !important;font-family:Monaco, Consolas, \'Bitstream Vera Sans Mono\', \'Courier New\', Courier, monospace !important;font-size:1em !important;direction:ltr !important;box-shadow:none !important;display:inline !important;color:blue !important;background:none !important;\">\"device:mobile\"</code><code class=\"xml plain\" style=\"box-sizing:content-box !important;border-radius:0px !important;border:0px !important;bottom:auto !important;float:none !important;height:auto !important;left:auto !important;line-height:1.1em !important;margin:0px !important;outline:0px !important;overflow:visible !important;padding:0px !important;position:static !important;right:auto !important;top:auto !important;vertical-align:baseline !important;width:auto !important;font-family:Monaco, Consolas, \'Bitstream Vera Sans Mono\', \'Courier New\', Courier, monospace !important;font-size:1em !important;direction:ltr !important;box-shadow:none !important;display:inline !important;background:none !important;\">&gt;</code> </code>\r\n							</div>\r\n							<div class=\"line number6 index5 alt1\" style=\"box-sizing:content-box !important;border-radius:0px !important;border:0px !important;bottom:auto !important;float:none !important;height:auto !important;left:auto !important;line-height:1.1em !important;margin:0px !important;outline:0px !important;overflow:visible !important;padding:0px 1em !important;position:static !important;right:auto !important;top:auto !important;vertical-align:baseline !important;width:auto !important;font-size:1em !important;direction:ltr !important;box-shadow:none !important;white-space:pre !important;background-image:none !important;background-attachment:initial !important;background-size:initial !important;background-origin:initial !important;background-clip:initial !important;background-position:initial !important;background-repeat:initial !important;\">\r\n								<code class=\"xml plain\" style=\"box-sizing:content-box !important;border-radius:0px !important;border:0px !important;bottom:auto !important;float:none !important;height:auto !important;left:auto !important;line-height:1.1em !important;margin:0px !important;outline:0px !important;overflow:visible !important;padding:0px !important;position:static !important;right:auto !important;top:auto !important;vertical-align:baseline !important;width:auto !important;font-family:Monaco, Consolas, \'Bitstream Vera Sans Mono\', \'Courier New\', Courier, monospace !important;font-size:1em !important;direction:ltr !important;box-shadow:none !important;display:inline !important;background:none !important;\">&nbsp;</code>\r\n							</div>\r\n							<div class=\"line number7 index6 alt2 highlighted\" style=\"box-sizing:content-box !important;border-radius:0px !important;border:0px !important;bottom:auto !important;float:none !important;height:auto !important;left:auto !important;line-height:1.1em !important;margin:0px !important;outline:0px !important;overflow:visible !important;padding:0px 1em !important;position:static !important;right:auto !important;top:auto !important;vertical-align:baseline !important;width:auto !important;font-size:1em !important;direction:ltr !important;box-shadow:none !important;white-space:pre !important;background:none #E0E0E0 !important;\">\r\n								<code class=\"xml plain\" style=\"box-sizing:content-box !important;border-radius:0px !important;border:0px !important;bottom:auto !important;float:none !important;height:auto !important;left:auto !important;line-height:1.1em !important;margin:0px !important;outline:0px !important;overflow:visible !important;padding:0px !important;position:static !important;right:auto !important;top:auto !important;vertical-align:baseline !important;width:auto !important;font-family:Monaco, Consolas, \'Bitstream Vera Sans Mono\', \'Courier New\', Courier, monospace !important;font-size:1em !important;direction:ltr !important;box-shadow:none !important;display:inline !important;background:none !important;\">&nbsp;</code>\r\n							</div>\r\n							<div class=\"line number8 index7 alt1 highlighted\" style=\"box-sizing:content-box !important;border-radius:0px !important;border:0px !important;bottom:auto !important;float:none !important;height:auto !important;left:auto !important;line-height:1.1em !important;margin:0px !important;outline:0px !important;overflow:visible !important;padding:0px 1em !important;position:static !important;right:auto !important;top:auto !important;vertical-align:baseline !important;width:auto !important;font-size:1em !important;direction:ltr !important;box-shadow:none !important;white-space:pre !important;background:none #E0E0E0 !important;\">\r\n								<code class=\"xml plain\" style=\"box-sizing:content-box !important;border-radius:0px !important;border:0px !important;bottom:auto !important;float:none !important;height:auto !important;left:auto !important;line-height:1.1em !important;margin:0px !important;outline:0px !important;overflow:visible !important;padding:0px !important;position:static !important;right:auto !important;top:auto !important;vertical-align:baseline !important;width:auto !important;font-family:Monaco, Consolas, \'Bitstream Vera Sans Mono\', \'Courier New\', Courier, monospace !important;font-size:1em !important;direction:ltr !important;box-shadow:none !important;display:inline !important;background:none !important;\"><code class=\"xml plain\" style=\"box-sizing:content-box !important;border-radius:0px !important;border:0px !important;bottom:auto !important;float:none !important;height:auto !important;left:auto !important;line-height:1.1em !important;margin:0px !important;outline:0px !important;overflow:visible !important;padding:0px !important;position:static !important;right:auto !important;top:auto !important;vertical-align:baseline !important;width:auto !important;font-family:Monaco, Consolas, \'Bitstream Vera Sans Mono\', \'Courier New\', Courier, monospace !important;font-size:1em !important;direction:ltr !important;box-shadow:none !important;display:inline !important;background:none !important;\">&lt;</code><code class=\"xml keyword\" style=\"box-sizing:content-box !important;border-radius:0px !important;border:0px !important;bottom:auto !important;float:none !important;height:auto !important;left:auto !important;line-height:1.1em !important;margin:0px !important;outline:0px !important;overflow:visible !important;padding:0px !important;position:static !important;right:auto !important;top:auto !important;vertical-align:baseline !important;width:auto !important;font-family:Monaco, Consolas, \'Bitstream Vera Sans Mono\', \'Courier New\', Courier, monospace !important;font-weight:bold !important;font-size:1em !important;direction:ltr !important;box-shadow:none !important;display:inline !important;color:#006699 !important;background:none !important;\">div</code> <code class=\"xml color1\" style=\"box-sizing:content-box !important;border-radius:0px !important;border:0px !important;bottom:auto !important;float:none !important;height:auto !important;left:auto !important;line-height:1.1em !important;margin:0px !important;outline:0px !important;overflow:visible !important;padding:0px !important;position:static !important;right:auto !important;top:auto !important;vertical-align:baseline !important;width:auto !important;font-family:Monaco, Consolas, \'Bitstream Vera Sans Mono\', \'Courier New\', Courier, monospace !important;font-size:1em !important;direction:ltr !important;box-shadow:none !important;display:inline !important;color:gray !important;background:none !important;\">component</code><code class=\"xml plain\" style=\"box-sizing:content-box !important;border-radius:0px !important;border:0px !important;bottom:auto !important;float:none !important;height:auto !important;left:auto !important;line-height:1.1em !important;margin:0px !important;outline:0px !important;overflow:visible !important;padding:0px !important;position:static !important;right:auto !important;top:auto !important;vertical-align:baseline !important;width:auto !important;font-family:Monaco, Consolas, \'Bitstream Vera Sans Mono\', \'Courier New\', Courier, monospace !important;font-size:1em !important;direction:ltr !important;box-shadow:none !important;display:inline !important;background:none !important;\">=</code><code class=\"xml string\" style=\"box-sizing:content-box !important;border-radius:0px !important;border:0px !important;bottom:auto !important;float:none !important;height:auto !important;left:auto !important;line-height:1.1em !important;margin:0px !important;outline:0px !important;overflow:visible !important;padding:0px !important;position:static !important;right:auto !important;top:auto !important;vertical-align:baseline !important;width:auto !important;font-family:Monaco, Consolas, \'Bitstream Vera Sans Mono\', \'Courier New\', Courier, monospace !important;font-size:1em !important;direction:ltr !important;box-shadow:none !important;display:inline !important;color:blue !important;background:none !important;\">\"$UI/system/components/justep/model/model\"</code> <code class=\"xml color1\" style=\"box-sizing:content-box !important;border-radius:0px !important;border:0px !important;bottom:auto !important;float:none !important;height:auto !important;left:auto !important;line-height:1.1em !important;margin:0px !important;outline:0px !important;overflow:visible !important;padding:0px !important;position:static !important;right:auto !important;top:auto !important;vertical-align:baseline !important;width:auto !important;font-family:Monaco, Consolas, \'Bitstream Vera Sans Mono\', \'Courier New\', Courier, monospace !important;font-size:1em !important;direction:ltr !important;box-shadow:none !important;display:inline !important;color:gray !important;background:none !important;\">xid</code><code class=\"xml plain\" style=\"box-sizing:content-box !important;border-radius:0px !important;border:0px !important;bottom:auto !important;float:none !important;height:auto !important;left:auto !important;line-height:1.1em !important;margin:0px !important;outline:0px !important;overflow:visible !important;padding:0px !important;position:static !important;right:auto !important;top:auto !important;vertical-align:baseline !important;width:auto !important;font-family:Monaco, Consolas, \'Bitstream Vera Sans Mono\', \'Courier New\', Courier, monospace !important;font-size:1em !important;direction:ltr !important;box-shadow:none !important;display:inline !important;background:none !important;\">=</code><code class=\"xml string\" style=\"box-sizing:content-box !important;border-radius:0px !important;border:0px !important;bottom:auto !important;float:none !important;height:auto !important;left:auto !important;line-height:1.1em !important;margin:0px !important;outline:0px !important;overflow:visible !important;padding:0px !important;position:static !important;right:auto !important;top:auto !important;vertical-align:baseline !important;width:auto !important;font-family:Monaco, Consolas, \'Bitstream Vera Sans Mono\', \'Courier New\', Courier, monospace !important;font-size:1em !important;direction:ltr !important;box-shadow:none !important;display:inline !important;color:blue !important;background:none !important;\">\"model\"</code><code class=\"xml plain\" style=\"box-sizing:content-box !important;border-radius:0px !important;border:0px !important;bottom:auto !important;float:none !important;height:auto !important;left:auto !important;line-height:1.1em !important;margin:0px !important;outline:0px !important;overflow:visible !important;padding:0px !important;position:static !important;right:auto !important;top:auto !important;vertical-align:baseline !important;width:auto !important;font-family:Monaco, Consolas, \'Bitstream Vera Sans Mono\', \'Courier New\', Courier, monospace !important;font-size:1em !important;direction:ltr !important;box-shadow:none !important;display:inline !important;background:none !important;\">/&gt;</code> </code>\r\n							</div>\r\n							<div class=\"line number9 index8 alt2 highlighted\" style=\"box-sizing:content-box !important;border-radius:0px !important;border:0px !important;bottom:auto !important;float:none !important;height:auto !important;left:auto !important;line-height:1.1em !important;margin:0px !important;outline:0px !important;overflow:visible !important;padding:0px 1em !important;position:static !important;right:auto !important;top:auto !important;vertical-align:baseline !important;width:auto !important;font-size:1em !important;direction:ltr !important;box-shadow:none !important;white-space:pre !important;background:none #E0E0E0 !important;\">\r\n								<code class=\"xml plain\" style=\"box-sizing:content-box !important;border-radius:0px !important;border:0px !important;bottom:auto !important;float:none !important;height:auto !important;left:auto !important;line-height:1.1em !important;margin:0px !important;outline:0px !important;overflow:visible !important;padding:0px !important;position:static !important;right:auto !important;top:auto !important;vertical-align:baseline !important;width:auto !important;font-family:Monaco, Consolas, \'Bitstream Vera Sans Mono\', \'Courier New\', Courier, monospace !important;font-size:1em !important;direction:ltr !important;box-shadow:none !important;display:inline !important;background:none !important;\">&nbsp;</code>\r\n							</div>\r\n							<div class=\"line number10 index9 alt1 highlighted\" style=\"box-sizing:content-box !important;border-radius:0px !important;border:0px !important;bottom:auto !important;float:none !important;height:auto !important;left:auto !important;line-height:1.1em !important;margin:0px !important;outline:0px !important;overflow:visible !important;padding:0px 1em !important;position:static !important;right:auto !important;top:auto !important;vertical-align:baseline !important;width:auto !important;font-size:1em !important;direction:ltr !important;box-shadow:none !important;white-space:pre !important;background:none #E0E0E0 !important;\">\r\n								<code class=\"xml plain\" style=\"box-sizing:content-box !important;border-radius:0px !important;border:0px !important;bottom:auto !important;float:none !important;height:auto !important;left:auto !important;line-height:1.1em !important;margin:0px !important;outline:0px !important;overflow:visible !important;padding:0px !important;position:static !important;right:auto !important;top:auto !important;vertical-align:baseline !important;width:auto !important;font-family:Monaco, Consolas, \'Bitstream Vera Sans Mono\', \'Courier New\', Courier, monospace !important;font-size:1em !important;direction:ltr !important;box-shadow:none !important;display:inline !important;background:none !important;\"><code class=\"xml spaces\" style=\"box-sizing:content-box !important;border-radius:0px !important;border:0px !important;bottom:auto !important;float:none !important;height:auto !important;left:auto !important;line-height:1.1em !important;margin:0px !important;outline:0px !important;overflow:visible !important;padding:0px !important;position:static !important;right:auto !important;top:auto !important;vertical-align:baseline !important;width:auto !important;font-family:Monaco, Consolas, \'Bitstream Vera Sans Mono\', \'Courier New\', Courier, monospace !important;font-size:1em !important;direction:ltr !important;box-shadow:none !important;display:inline !important;background:none !important;\">&nbsp;&nbsp;&nbsp;&nbsp;</code><code class=\"xml comments\" style=\"box-sizing:content-box !important;border-radius:0px !important;border:0px !important;bottom:auto !important;float:none !important;height:auto !important;left:auto !important;line-height:1.1em !important;margin:0px !important;outline:0px !important;overflow:visible !important;padding:0px !important;position:static !important;right:auto !important;top:auto !important;vertical-align:baseline !important;width:auto !important;font-family:Monaco, Consolas, \'Bitstream Vera Sans Mono\', \'Courier New\', Courier, monospace !important;font-size:1em !important;direction:ltr !important;box-shadow:none !important;display:inline !important;color:#008200 !important;background:none !important;\"><!-- 绑定可监控对象 --></code> </code>\r\n							</div>\r\n							<div class=\"line number11 index10 alt2\" style=\"box-sizing:content-box !important;border-radius:0px !important;border:0px !important;bottom:auto !important;float:none !important;height:auto !important;left:auto !important;line-height:1.1em !important;margin:0px !important;outline:0px !important;overflow:visible !important;padding:0px 1em !important;position:static !important;right:auto !important;top:auto !important;vertical-align:baseline !important;width:auto !important;font-size:1em !important;direction:ltr !important;box-shadow:none !important;white-space:pre !important;background-image:none !important;background-attachment:initial !important;background-size:initial !important;background-origin:initial !important;background-clip:initial !important;background-position:initial !important;background-repeat:initial !important;\">\r\n								<code class=\"xml plain\" style=\"box-sizing:content-box !important;border-radius:0px !important;border:0px !important;bottom:auto !important;float:none !important;height:auto !important;left:auto !important;line-height:1.1em !important;margin:0px !important;outline:0px !important;overflow:visible !important;padding:0px !important;position:static !important;right:auto !important;top:auto !important;vertical-align:baseline !important;width:auto !important;font-family:Monaco, Consolas, \'Bitstream Vera Sans Mono\', \'Courier New\', Courier, monospace !important;font-size:1em !important;direction:ltr !important;box-shadow:none !important;display:inline !important;background:none !important;\"><code class=\"xml spaces\" style=\"box-sizing:content-box !important;border-radius:0px !important;border:0px !important;bottom:auto !important;float:none !important;height:auto !important;left:auto !important;line-height:1.1em !important;margin:0px !important;outline:0px !important;overflow:visible !important;padding:0px !important;position:static !important;right:auto !important;top:auto !important;vertical-align:baseline !important;width:auto !important;font-family:Monaco, Consolas, \'Bitstream Vera Sans Mono\', \'Courier New\', Courier, monospace !important;font-size:1em !important;direction:ltr !important;box-shadow:none !important;display:inline !important;background:none !important;\">&nbsp;&nbsp;&nbsp;&nbsp;</code><code class=\"xml plain\" style=\"box-sizing:content-box !important;border-radius:0px !important;border:0px !important;bottom:auto !important;float:none !important;height:auto !important;left:auto !important;line-height:1.1em !important;margin:0px !important;outline:0px !important;overflow:visible !important;padding:0px !important;position:static !important;right:auto !important;top:auto !important;vertical-align:baseline !important;width:auto !important;font-family:Monaco, Consolas, \'Bitstream Vera Sans Mono\', \'Courier New\', Courier, monospace !important;font-size:1em !important;direction:ltr !important;box-shadow:none !important;display:inline !important;background:none !important;\">&lt;</code><code class=\"xml keyword\" style=\"box-sizing:content-box !important;border-radius:0px !important;border:0px !important;bottom:auto !important;float:none !important;height:auto !important;left:auto !important;line-height:1.1em !important;margin:0px !important;outline:0px !important;overflow:visible !important;padding:0px !important;position:static !important;right:auto !important;top:auto !important;vertical-align:baseline !important;width:auto !important;font-family:Monaco, Consolas, \'Bitstream Vera Sans Mono\', \'Courier New\', Courier, monospace !important;font-weight:bold !important;font-size:1em !important;direction:ltr !important;box-shadow:none !important;display:inline !important;color:#006699 !important;background:none !important;\">input</code> <code class=\"xml color1\" style=\"box-sizing:content-box !important;border-radius:0px !important;border:0px !important;bottom:auto !important;float:none !important;height:auto !important;left:auto !important;line-height:1.1em !important;margin:0px !important;outline:0px !important;overflow:visible !important;padding:0px !important;position:static !important;right:auto !important;top:auto !important;vertical-align:baseline !important;width:auto !important;font-family:Monaco, Consolas, \'Bitstream Vera Sans Mono\', \'Courier New\', Courier, monospace !important;font-size:1em !important;direction:ltr !important;box-shadow:none !important;display:inline !important;color:gray !important;background:none !important;\">bind-textinput</code> <code class=\"xml plain\" style=\"box-sizing:content-box !important;border-radius:0px !important;border:0px !important;bottom:auto !important;float:none !important;height:auto !important;left:auto !important;line-height:1.1em !important;margin:0px !important;outline:0px !important;overflow:visible !important;padding:0px !important;position:static !important;right:auto !important;top:auto !important;vertical-align:baseline !important;width:auto !important;font-family:Monaco, Consolas, \'Bitstream Vera Sans Mono\', \'Courier New\', Courier, monospace !important;font-size:1em !important;direction:ltr !important;box-shadow:none !important;display:inline !important;background:none !important;\">=</code><code class=\"xml string\" style=\"box-sizing:content-box !important;border-radius:0px !important;border:0px !important;bottom:auto !important;float:none !important;height:auto !important;left:auto !important;line-height:1.1em !important;margin:0px !important;outline:0px !important;overflow:visible !important;padding:0px !important;position:static !important;right:auto !important;top:auto !important;vertical-align:baseline !important;width:auto !important;font-family:Monaco, Consolas, \'Bitstream Vera Sans Mono\', \'Courier New\', Courier, monospace !important;font-size:1em !important;direction:ltr !important;box-shadow:none !important;display:inline !important;color:blue !important;background:none !important;\">\"name\"</code><code class=\"xml plain\" style=\"box-sizing:content-box !important;border-radius:0px !important;border:0px !important;bottom:auto !important;float:none !important;height:auto !important;left:auto !important;line-height:1.1em !important;margin:0px !important;outline:0px !important;overflow:visible !important;padding:0px !important;position:static !important;right:auto !important;top:auto !important;vertical-align:baseline !important;width:auto !important;font-family:Monaco, Consolas, \'Bitstream Vera Sans Mono\', \'Courier New\', Courier, monospace !important;font-size:1em !important;direction:ltr !important;box-shadow:none !important;display:inline !important;background:none !important;\">&gt;<!--</code--><code class=\"xml keyword\" style=\"box-sizing:content-box !important;border-radius:0px !important;border:0px !important;bottom:auto !important;float:none !important;height:auto !important;left:auto !important;line-height:1.1em !important;margin:0px !important;outline:0px !important;overflow:visible !important;padding:0px !important;position:static !important;right:auto !important;top:auto !important;vertical-align:baseline !important;width:auto !important;font-family:Monaco, Consolas, \'Bitstream Vera Sans Mono\', \'Courier New\', Courier, monospace !important;font-weight:bold !important;font-size:1em !important;direction:ltr !important;box-shadow:none !important;display:inline !important;color:#006699 !important;background:none !important;\">input</code><code class=\"xml plain\" style=\"box-sizing:content-box !important;border-radius:0px !important;border:0px !important;bottom:auto !important;float:none !important;height:auto !important;left:auto !important;line-height:1.1em !important;margin:0px !important;outline:0px !important;overflow:visible !important;padding:0px !important;position:static !important;right:auto !important;top:auto !important;vertical-align:baseline !important;width:auto !important;font-family:Monaco, Consolas, \'Bitstream Vera Sans Mono\', \'Courier New\', Courier, monospace !important;font-size:1em !important;direction:ltr !important;box-shadow:none !important;display:inline !important;background:none !important;\">&gt;</code> </code></code>\r\n							</div>\r\n							<div class=\"line number12 index11 alt1\" style=\"box-sizing:content-box !important;border-radius:0px !important;border:0px !important;bottom:auto !important;float:none !important;height:auto !important;left:auto !important;line-height:1.1em !important;margin:0px !important;outline:0px !important;overflow:visible !important;padding:0px 1em !important;position:static !important;right:auto !important;top:auto !important;vertical-align:baseline !important;width:auto !important;font-size:1em !important;direction:ltr !important;box-shadow:none !important;white-space:pre !important;background-image:none !important;background-attachment:initial !important;background-size:initial !important;background-origin:initial !important;background-clip:initial !important;background-position:initial !important;background-repeat:initial !important;\">\r\n								<code class=\"xml plain\" style=\"box-sizing:content-box !important;border-radius:0px !important;border:0px !important;bottom:auto !important;float:none !important;height:auto !important;left:auto !important;line-height:1.1em !important;margin:0px !important;outline:0px !important;overflow:visible !important;padding:0px !important;position:static !important;right:auto !important;top:auto !important;vertical-align:baseline !important;width:auto !important;font-family:Monaco, Consolas, \'Bitstream Vera Sans Mono\', \'Courier New\', Courier, monospace !important;font-size:1em !important;direction:ltr !important;box-shadow:none !important;display:inline !important;background:none !important;\"><code class=\"xml plain\" style=\"box-sizing:content-box !important;border-radius:0px !important;border:0px !important;bottom:auto !important;float:none !important;height:auto !important;left:auto !important;line-height:1.1em !important;margin:0px !important;outline:0px !important;overflow:visible !important;padding:0px !important;position:static !important;right:auto !important;top:auto !important;vertical-align:baseline !important;width:auto !important;font-family:Monaco, Consolas, \'Bitstream Vera Sans Mono\', \'Courier New\', Courier, monospace !important;font-size:1em !important;direction:ltr !important;box-shadow:none !important;display:inline !important;background:none !important;\"><code class=\"xml spaces\" style=\"box-sizing:content-box !important;border-radius:0px !important;border:0px !important;bottom:auto !important;float:none !important;height:auto !important;left:auto !important;line-height:1.1em !important;margin:0px !important;outline:0px !important;overflow:visible !important;padding:0px !important;position:static !important;right:auto !important;top:auto !important;vertical-align:baseline !important;width:auto !important;font-family:Monaco, Consolas, \'Bitstream Vera Sans Mono\', \'Courier New\', Courier, monospace !important;font-size:1em !important;direction:ltr !important;box-shadow:none !important;display:inline !important;background:none !important;\">&nbsp;&nbsp;&nbsp;&nbsp;</code><code class=\"xml comments\" style=\"box-sizing:content-box !important;border-radius:0px !important;border:0px !important;bottom:auto !important;float:none !important;height:auto !important;left:auto !important;line-height:1.1em !important;margin:0px !important;outline:0px !important;overflow:visible !important;padding:0px !important;position:static !important;right:auto !important;top:auto !important;vertical-align:baseline !important;width:auto !important;font-family:Monaco, Consolas, \'Bitstream Vera Sans Mono\', \'Courier New\', Courier, monospace !important;font-size:1em !important;direction:ltr !important;box-shadow:none !important;display:inline !important;color:#008200 !important;background:none !important;\"><!-- name有值就显示output，否则隐藏 text绑定了表达式--></code> </code></code>\r\n							</div>\r\n							<div class=\"line number13 index12 alt2\" style=\"box-sizing:content-box !important;border-radius:0px !important;border:0px !important;bottom:auto !important;float:none !important;height:auto !important;left:auto !important;line-height:1.1em !important;margin:0px !important;outline:0px !important;overflow:visible !important;padding:0px 1em !important;position:static !important;right:auto !important;top:auto !important;vertical-align:baseline !important;width:auto !important;font-size:1em !important;direction:ltr !important;box-shadow:none !important;white-space:pre !important;background-image:none !important;background-attachment:initial !important;background-size:initial !important;background-origin:initial !important;background-clip:initial !important;background-position:initial !important;background-repeat:initial !important;\">\r\n								<code class=\"xml plain\" style=\"box-sizing:content-box !important;border-radius:0px !important;border:0px !important;bottom:auto !important;float:none !important;height:auto !important;left:auto !important;line-height:1.1em !important;margin:0px !important;outline:0px !important;overflow:visible !important;padding:0px !important;position:static !important;right:auto !important;top:auto !important;vertical-align:baseline !important;width:auto !important;font-family:Monaco, Consolas, \'Bitstream Vera Sans Mono\', \'Courier New\', Courier, monospace !important;font-size:1em !important;direction:ltr !important;box-shadow:none !important;display:inline !important;background:none !important;\"><code class=\"xml plain\" style=\"box-sizing:content-box !important;border-radius:0px !important;border:0px !important;bottom:auto !important;float:none !important;height:auto !important;left:auto !important;line-height:1.1em !important;margin:0px !important;outline:0px !important;overflow:visible !important;padding:0px !important;position:static !important;right:auto !important;top:auto !important;vertical-align:baseline !important;width:auto !important;font-family:Monaco, Consolas, \'Bitstream Vera Sans Mono\', \'Courier New\', Courier, monospace !important;font-size:1em !important;direction:ltr !important;box-shadow:none !important;display:inline !important;background:none !important;\"><code class=\"xml spaces\" style=\"box-sizing:content-box !important;border-radius:0px !important;border:0px !important;bottom:auto !important;float:none !important;height:auto !important;left:auto !important;line-height:1.1em !important;margin:0px !important;outline:0px !important;overflow:visible !important;padding:0px !important;position:static !important;right:auto !important;top:auto !important;vertical-align:baseline !important;width:auto !important;font-family:Monaco, Consolas, \'Bitstream Vera Sans Mono\', \'Courier New\', Courier, monospace !important;font-size:1em !important;direction:ltr !important;box-shadow:none !important;display:inline !important;background:none !important;\">&nbsp;&nbsp;&nbsp;&nbsp;</code><code class=\"xml plain\" style=\"box-sizing:content-box !important;border-radius:0px !important;border:0px !important;bottom:auto !important;float:none !important;height:auto !important;left:auto !important;line-height:1.1em !important;margin:0px !important;outline:0px !important;overflow:visible !important;padding:0px !important;position:static !important;right:auto !important;top:auto !important;vertical-align:baseline !important;width:auto !important;font-family:Monaco, Consolas, \'Bitstream Vera Sans Mono\', \'Courier New\', Courier, monospace !important;font-size:1em !important;direction:ltr !important;box-shadow:none !important;display:inline !important;background:none !important;\">&lt;</code><code class=\"xml keyword\" style=\"box-sizing:content-box !important;border-radius:0px !important;border:0px !important;bottom:auto !important;float:none !important;height:auto !important;left:auto !important;line-height:1.1em !important;margin:0px !important;outline:0px !important;overflow:visible !important;padding:0px !important;position:static !important;right:auto !important;top:auto !important;vertical-align:baseline !important;width:auto !important;font-family:Monaco, Consolas, \'Bitstream Vera Sans Mono\', \'Courier New\', Courier, monospace !important;font-weight:bold !important;font-size:1em !important;direction:ltr !important;box-shadow:none !important;display:inline !important;color:#006699 !important;background:none !important;\">output</code> <code class=\"xml color1\" style=\"box-sizing:content-box !important;border-radius:0px !important;border:0px !important;bottom:auto !important;float:none !important;height:auto !important;left:auto !important;line-height:1.1em !important;margin:0px !important;outline:0px !important;overflow:visible !important;padding:0px !important;position:static !important;right:auto !important;top:auto !important;vertical-align:baseline !important;width:auto !important;font-family:Monaco, Consolas, \'Bitstream Vera Sans Mono\', \'Courier New\', Courier, monospace !important;font-size:1em !important;direction:ltr !important;box-shadow:none !important;display:inline !important;color:gray !important;background:none !important;\">bind-visible</code> <code class=\"xml plain\" style=\"box-sizing:content-box !important;border-radius:0px !important;border:0px !important;bottom:auto !important;float:none !important;height:auto !important;left:auto !important;line-height:1.1em !important;margin:0px !important;outline:0px !important;overflow:visible !important;padding:0px !important;position:static !important;right:auto !important;top:auto !important;vertical-align:baseline !important;width:auto !important;font-family:Monaco, Consolas, \'Bitstream Vera Sans Mono\', \'Courier New\', Courier, monospace !important;font-size:1em !important;direction:ltr !important;box-shadow:none !important;display:inline !important;background:none !important;\">= </code><code class=\"xml string\" style=\"box-sizing:content-box !important;border-radius:0px !important;border:0px !important;bottom:auto !important;float:none !important;height:auto !important;left:auto !important;line-height:1.1em !important;margin:0px !important;outline:0px !important;overflow:visible !important;padding:0px !important;position:static !important;right:auto !important;top:auto !important;vertical-align:baseline !important;width:auto !important;font-family:Monaco, Consolas, \'Bitstream Vera Sans Mono\', \'Courier New\', Courier, monospace !important;font-size:1em !important;direction:ltr !important;box-shadow:none !important;display:inline !important;color:blue !important;background:none !important;\">\"name\"</code> <code class=\"xml color1\" style=\"box-sizing:content-box !important;border-radius:0px !important;border:0px !important;bottom:auto !important;float:none !important;height:auto !important;left:auto !important;line-height:1.1em !important;margin:0px !important;outline:0px !important;overflow:visible !important;padding:0px !important;position:static !important;right:auto !important;top:auto !important;vertical-align:baseline !important;width:auto !important;font-family:Monaco, Consolas, \'Bitstream Vera Sans Mono\', \'Courier New\', Courier, monospace !important;font-size:1em !important;direction:ltr !important;box-shadow:none !important;display:inline !important;color:gray !important;background:none !important;\">bind-text</code> <code class=\"xml plain\" style=\"box-sizing:content-box !important;border-radius:0px !important;border:0px !important;bottom:auto !important;float:none !important;height:auto !important;left:auto !important;line-height:1.1em !important;margin:0px !important;outline:0px !important;overflow:visible !important;padding:0px !important;position:static !important;right:auto !important;top:auto !important;vertical-align:baseline !important;width:auto !important;font-family:Monaco, Consolas, \'Bitstream Vera Sans Mono\', \'Courier New\', Courier, monospace !important;font-size:1em !important;direction:ltr !important;box-shadow:none !important;display:inline !important;background:none !important;\">=</code><code class=\"xml string\" style=\"box-sizing:content-box !important;border-radius:0px !important;border:0px !important;bottom:auto !important;float:none !important;height:auto !important;left:auto !important;line-height:1.1em !important;margin:0px !important;outline:0px !important;overflow:visible !important;padding:0px !important;position:static !important;right:auto !important;top:auto !important;vertical-align:baseline !important;width:auto !important;font-family:Monaco, Consolas, \'Bitstream Vera Sans Mono\', \'Courier New\', Courier, monospace !important;font-size:1em !important;direction:ltr !important;box-shadow:none !important;display:inline !important;color:blue !important;background:none !important;\">\"\'hello, \' + name.get() + \'!\'\"</code><code class=\"xml plain\" style=\"box-sizing:content-box !important;border-radius:0px !important;border:0px !important;bottom:auto !important;float:none !important;height:auto !important;left:auto !important;line-height:1.1em !important;margin:0px !important;outline:0px !important;overflow:visible !important;padding:0px !important;position:static !important;right:auto !important;top:auto !important;vertical-align:baseline !important;width:auto !important;font-family:Monaco, Consolas, \'Bitstream Vera Sans Mono\', \'Courier New\', Courier, monospace !important;font-size:1em !important;direction:ltr !important;box-shadow:none !important;display:inline !important;background:none !important;\">&gt;<!--</code--><code class=\"xml keyword\" style=\"box-sizing:content-box !important;border-radius:0px !important;border:0px !important;bottom:auto !important;float:none !important;height:auto !important;left:auto !important;line-height:1.1em !important;margin:0px !important;outline:0px !important;overflow:visible !important;padding:0px !important;position:static !important;right:auto !important;top:auto !important;vertical-align:baseline !important;width:auto !important;font-family:Monaco, Consolas, \'Bitstream Vera Sans Mono\', \'Courier New\', Courier, monospace !important;font-weight:bold !important;font-size:1em !important;direction:ltr !important;box-shadow:none !important;display:inline !important;color:#006699 !important;background:none !important;\">output</code><code class=\"xml plain\" style=\"box-sizing:content-box !important;border-radius:0px !important;border:0px !important;bottom:auto !important;float:none !important;height:auto !important;left:auto !important;line-height:1.1em !important;margin:0px !important;outline:0px !important;overflow:visible !important;padding:0px !important;position:static !important;right:auto !important;top:auto !important;vertical-align:baseline !important;width:auto !important;font-family:Monaco, Consolas, \'Bitstream Vera Sans Mono\', \'Courier New\', Courier, monospace !important;font-size:1em !important;direction:ltr !important;box-shadow:none !important;display:inline !important;background:none !important;\">&gt;</code> </code></code></code>\r\n							</div>\r\n							<div class=\"line number14 index13 alt1\" style=\"box-sizing:content-box !important;border-radius:0px !important;border:0px !important;bottom:auto !important;float:none !important;height:auto !important;left:auto !important;line-height:1.1em !important;margin:0px !important;outline:0px !important;overflow:visible !important;padding:0px 1em !important;position:static !important;right:auto !important;top:auto !important;vertical-align:baseline !important;width:auto !important;font-size:1em !important;direction:ltr !important;box-shadow:none !important;white-space:pre !important;background-image:none !important;background-attachment:initial !important;background-size:initial !important;background-origin:initial !important;background-clip:initial !important;background-position:initial !important;background-repeat:initial !important;\">\r\n								<code class=\"xml plain\" style=\"box-sizing:content-box !important;border-radius:0px !important;border:0px !important;bottom:auto !important;float:none !important;height:auto !important;left:auto !important;line-height:1.1em !important;margin:0px !important;outline:0px !important;overflow:visible !important;padding:0px !important;position:static !important;right:auto !important;top:auto !important;vertical-align:baseline !important;width:auto !important;font-family:Monaco, Consolas, \'Bitstream Vera Sans Mono\', \'Courier New\', Courier, monospace !important;font-size:1em !important;direction:ltr !important;box-shadow:none !important;display:inline !important;background:none !important;\"><code class=\"xml plain\" style=\"box-sizing:content-box !important;border-radius:0px !important;border:0px !important;bottom:auto !important;float:none !important;height:auto !important;left:auto !important;line-height:1.1em !important;margin:0px !important;outline:0px !important;overflow:visible !important;padding:0px !important;position:static !important;right:auto !important;top:auto !important;vertical-align:baseline !important;width:auto !important;font-family:Monaco, Consolas, \'Bitstream Vera Sans Mono\', \'Courier New\', Courier, monospace !important;font-size:1em !important;direction:ltr !important;box-shadow:none !important;display:inline !important;background:none !important;\">&nbsp;</code></code>\r\n							</div>\r\n							<div class=\"line number15 index14 alt2\" style=\"box-sizing:content-box !important;border-radius:0px !important;border:0px !important;bottom:auto !important;float:none !important;height:auto !important;left:auto !important;line-height:1.1em !important;margin:0px !important;outline:0px !important;overflow:visible !important;padding:0px 1em !important;position:static !important;right:auto !important;top:auto !important;vertical-align:baseline !important;width:auto !important;font-size:1em !important;direction:ltr !important;box-shadow:none !important;white-space:pre !important;background-image:none !important;background-attachment:initial !important;background-size:initial !important;background-origin:initial !important;background-clip:initial !important;background-position:initial !important;background-repeat:initial !important;\">\r\n								<code class=\"xml plain\" style=\"box-sizing:content-box !important;border-radius:0px !important;border:0px !important;bottom:auto !important;float:none !important;height:auto !important;left:auto !important;line-height:1.1em !important;margin:0px !important;outline:0px !important;overflow:visible !important;padding:0px !important;position:static !important;right:auto !important;top:auto !important;vertical-align:baseline !important;width:auto !important;font-family:Monaco, Consolas, \'Bitstream Vera Sans Mono\', \'Courier New\', Courier, monospace !important;font-size:1em !important;direction:ltr !important;box-shadow:none !important;display:inline !important;background:none !important;\"><code class=\"xml plain\" style=\"box-sizing:content-box !important;border-radius:0px !important;border:0px !important;bottom:auto !important;float:none !important;height:auto !important;left:auto !important;line-height:1.1em !important;margin:0px !important;outline:0px !important;overflow:visible !important;padding:0px !important;position:static !important;right:auto !important;top:auto !important;vertical-align:baseline !important;width:auto !important;font-family:Monaco, Consolas, \'Bitstream Vera Sans Mono\', \'Courier New\', Courier, monospace !important;font-size:1em !important;direction:ltr !important;box-shadow:none !important;display:inline !important;background:none !important;\"><code class=\"xml plain\" style=\"box-sizing:content-box !important;border-radius:0px !important;border:0px !important;bottom:auto !important;float:none !important;height:auto !important;left:auto !important;line-height:1.1em !important;margin:0px !important;outline:0px !important;overflow:visible !important;padding:0px !important;position:static !important;right:auto !important;top:auto !important;vertical-align:baseline !important;width:auto !important;font-family:Monaco, Consolas, \'Bitstream Vera Sans Mono\', \'Courier New\', Courier, monospace !important;font-size:1em !important;direction:ltr !important;box-shadow:none !important;display:inline !important;background:none !important;\"><!--</code--><code class=\"xml keyword\" style=\"box-sizing:content-box !important;border-radius:0px !important;border:0px !important;bottom:auto !important;float:none !important;height:auto !important;left:auto !important;line-height:1.1em !important;margin:0px !important;outline:0px !important;overflow:visible !important;padding:0px !important;position:static !important;right:auto !important;top:auto !important;vertical-align:baseline !important;width:auto !important;font-family:Monaco, Consolas, \'Bitstream Vera Sans Mono\', \'Courier New\', Courier, monospace !important;font-weight:bold !important;font-size:1em !important;direction:ltr !important;box-shadow:none !important;display:inline !important;color:#006699 !important;background:none !important;\">div</code><code class=\"xml plain\" style=\"box-sizing:content-box !important;border-radius:0px !important;border:0px !important;bottom:auto !important;float:none !important;height:auto !important;left:auto !important;line-height:1.1em !important;margin:0px !important;outline:0px !important;overflow:visible !important;padding:0px !important;position:static !important;right:auto !important;top:auto !important;vertical-align:baseline !important;width:auto !important;font-family:Monaco, Consolas, \'Bitstream Vera Sans Mono\', \'Courier New\', Courier, monospace !important;font-size:1em !important;direction:ltr !important;box-shadow:none !important;display:inline !important;background:none !important;\">&gt;</code> </code></code></code>\r\n							</div>\r\n						</div>\r\n					</td>\r\n				</tr>\r\n			</tbody>\r\n		</table>\r\n	</div>\r\n</div>\r\n<p style=\"box-sizing:border-box;margin-top:0px;margin-bottom:20px;color:#747474;font-family:\'Microsoft Yahei\';font-size:13px;line-height:20px;white-space:normal;background-color:#FFFFFF;\">\r\n	hello.js\r\n</p>\r\n<div style=\"box-sizing:border-box;color:#747474;font-family:\'Microsoft Yahei\';font-size:13px;line-height:20px;white-space:normal;background-color:#FFFFFF;\">\r\n	<div id=\"highlighter_203655\" class=\"syntaxhighlighter  jscript\" style=\"box-sizing:border-box;width:844px;margin:1em 0px !important;position:relative !important;overflow-x:auto !important;overflow-y:hidden !important;font-size:1em !important;\">\r\n		<table border=\"0\" cellpadding=\"0\" cellspacing=\"0\" style=\"max-width:100%;border-spacing:0px;width:844px;box-sizing:content-box !important;border-radius:0px !important;border:0px !important;bottom:auto !important;float:none !important;height:auto !important;left:auto !important;line-height:1.1em !important;margin:0px !important;outline:0px !important;overflow:visible !important;padding:0px !important;position:static !important;right:auto !important;top:auto !important;vertical-align:baseline !important;font-family:Monaco, Consolas, \'Bitstream Vera Sans Mono\', \'Courier New\', Courier, monospace !important;font-size:1em !important;direction:ltr !important;box-shadow:none !important;table-layout:auto !important;background:none !important;\" class=\"ke-zeroborder\">\r\n			<tbody style=\"box-sizing:content-box !important;border-radius:0px !important;border:0px !important;bottom:auto !important;float:none !important;height:auto !important;left:auto !important;line-height:1.1em !important;margin:0px !important;outline:0px !important;overflow:visible !important;padding:0px !important;position:static !important;right:auto !important;top:auto !important;vertical-align:baseline !important;width:auto !important;font-size:1em !important;direction:ltr !important;box-shadow:none !important;background:none !important;\">\r\n				<tr style=\"box-sizing:content-box !important;border-radius:0px !important;border:0px !important;bottom:auto !important;float:none !important;height:auto !important;left:auto !important;line-height:1.1em !important;margin:0px !important;outline:0px !important;overflow:visible !important;padding:0px !important;position:static !important;right:auto !important;top:auto !important;vertical-align:baseline !important;width:auto !important;font-size:1em !important;direction:ltr !important;box-shadow:none !important;background:none !important;\">\r\n					<td class=\"gutter\" style=\"box-sizing:content-box !important;border:0px !important;border-radius:0px !important;bottom:auto !important;float:none !important;height:auto !important;left:auto !important;line-height:1.1em !important;margin:0px !important;outline:0px !important;overflow:visible !important;padding:0px !important;position:static !important;right:auto !important;top:auto !important;vertical-align:baseline !important;width:auto !important;font-family:Monaco, Consolas, \'Bitstream Vera Sans Mono\', \'Courier New\', Courier, monospace !important;font-size:1em !important;direction:ltr !important;box-shadow:none !important;color:#AFAFAF !important;background:none !important;\">\r\n						<div class=\"line number1 index0 alt2\" style=\"box-sizing:content-box !important;border-radius:0px !important;border-width:0px 3px 0px 0px !important;border-right-style:solid !important;border-right-color:#6CE26C !important;bottom:auto !important;float:none !important;height:auto !important;left:auto !important;line-height:1.1em !important;margin:0px !important;outline:0px !important;overflow:visible !important;padding:0px 0.5em 0px 1em !important;position:static !important;right:auto !important;text-align:right !important;top:auto !important;vertical-align:baseline !important;width:auto !important;font-size:1em !important;direction:ltr !important;box-shadow:none !important;white-space:pre !important;background-image:none !important;background-attachment:initial !important;background-size:initial !important;background-origin:initial !important;background-clip:initial !important;background-position:initial !important;background-repeat:initial !important;\">\r\n							1\r\n						</div>\r\n						<div class=\"line number2 index1 alt1\" style=\"box-sizing:content-box !important;border-radius:0px !important;border-width:0px 3px 0px 0px !important;border-right-style:solid !important;border-right-color:#6CE26C !important;bottom:auto !important;float:none !important;height:auto !important;left:auto !important;line-height:1.1em !important;margin:0px !important;outline:0px !important;overflow:visible !important;padding:0px 0.5em 0px 1em !important;position:static !important;right:auto !important;text-align:right !important;top:auto !important;vertical-align:baseline !important;width:auto !important;font-size:1em !important;direction:ltr !important;box-shadow:none !important;white-space:pre !important;background-image:none !important;background-attachment:initial !important;background-size:initial !important;background-origin:initial !important;background-clip:initial !important;background-position:initial !important;background-repeat:initial !important;\">\r\n							2\r\n						</div>\r\n						<div class=\"line number3 index2 alt2\" style=\"box-sizing:content-box !important;border-radius:0px !important;border-width:0px 3px 0px 0px !important;border-right-style:solid !important;border-right-color:#6CE26C !important;bottom:auto !important;float:none !important;height:auto !important;left:auto !important;line-height:1.1em !important;margin:0px !important;outline:0px !important;overflow:visible !important;padding:0px 0.5em 0px 1em !important;position:static !important;right:auto !important;text-align:right !important;top:auto !important;vertical-align:baseline !important;width:auto !important;font-size:1em !important;direction:ltr !important;box-shadow:none !important;white-space:pre !important;background-image:none !important;background-attachment:initial !important;background-size:initial !important;background-origin:initial !important;background-clip:initial !important;background-position:initial !important;background-repeat:initial !important;\">\r\n							3\r\n						</div>\r\n						<div class=\"line number4 index3 alt1\" style=\"box-sizing:content-box !important;border-radius:0px !important;border-width:0px 3px 0px 0px !important;border-right-style:solid !important;border-right-color:#6CE26C !important;bottom:auto !important;float:none !important;height:auto !important;left:auto !important;line-height:1.1em !important;margin:0px !important;outline:0px !important;overflow:visible !important;padding:0px 0.5em 0px 1em !important;position:static !important;right:auto !important;text-align:right !important;top:auto !important;vertical-align:baseline !important;width:auto !important;font-size:1em !important;direction:ltr !important;box-shadow:none !important;white-space:pre !important;background-image:none !important;background-attachment:initial !important;background-size:initial !important;background-origin:initial !important;background-clip:initial !important;background-position:initial !important;background-repeat:initial !important;\">\r\n							4\r\n						</div>\r\n						<div class=\"line number5 index4 alt2\" style=\"box-sizing:content-box !important;border-radius:0px !important;border-width:0px 3px 0px 0px !important;border-right-style:solid !important;border-right-color:#6CE26C !important;bottom:auto !important;float:none !important;height:auto !important;left:auto !important;line-height:1.1em !important;margin:0px !important;outline:0px !important;overflow:visible !important;padding:0px 0.5em 0px 1em !important;position:static !important;right:auto !important;text-align:right !important;top:auto !important;vertical-align:baseline !important;width:auto !important;font-size:1em !important;direction:ltr !important;box-shadow:none !important;white-space:pre !important;background-image:none !important;background-attachment:initial !important;background-size:initial !important;background-origin:initial !important;background-clip:initial !important;background-position:initial !important;background-repeat:initial !important;\">\r\n							5\r\n						</div>\r\n						<div class=\"line number6 index5 alt1\" style=\"box-sizing:content-box !important;border-radius:0px !important;border-width:0px 3px 0px 0px !important;border-right-style:solid !important;border-right-color:#6CE26C !important;bottom:auto !important;float:none !important;height:auto !important;left:auto !important;line-height:1.1em !important;margin:0px !important;outline:0px !important;overflow:visible !important;padding:0px 0.5em 0px 1em !important;position:static !important;right:auto !important;text-align:right !important;top:auto !important;vertical-align:baseline !important;width:auto !important;font-size:1em !important;direction:ltr !important;box-shadow:none !important;white-space:pre !important;background-image:none !important;background-attachment:initial !important;background-size:initial !important;background-origin:initial !important;background-clip:initial !important;background-position:initial !important;background-repeat:initial !important;\">\r\n							6\r\n						</div>\r\n						<div class=\"line number7 index6 alt2 highlighted\" style=\"box-sizing:content-box !important;border-radius:0px !important;border-width:0px 3px 0px 0px !important;border-right-style:solid !important;border-right-color:#6CE26C !important;bottom:auto !important;float:none !important;height:auto !important;left:auto !important;line-height:1.1em !important;margin:0px !important;outline:0px !important;overflow:visible !important;padding:0px 0.5em 0px 1em !important;position:static !important;right:auto !important;text-align:right !important;top:auto !important;vertical-align:baseline !important;width:auto !important;font-size:1em !important;direction:ltr !important;box-shadow:none !important;white-space:pre !important;color:white !important;background:none #6CE26C !important;\">\r\n							7\r\n						</div>\r\n						<div class=\"line number8 index7 alt1 highlighted\" style=\"box-sizing:content-box !important;border-radius:0px !important;border-width:0px 3px 0px 0px !important;border-right-style:solid !important;border-right-color:#6CE26C !important;bottom:auto !important;float:none !important;height:auto !important;left:auto !important;line-height:1.1em !important;margin:0px !important;outline:0px !important;overflow:visible !important;padding:0px 0.5em 0px 1em !important;position:static !important;right:auto !important;text-align:right !important;top:auto !important;vertical-align:baseline !important;width:auto !important;font-size:1em !important;direction:ltr !important;box-shadow:none !important;white-space:pre !important;color:white !important;background:none #6CE26C !important;\">\r\n							8\r\n						</div>\r\n						<div class=\"line number9 index8 alt2\" style=\"box-sizing:content-box !important;border-radius:0px !important;border-width:0px 3px 0px 0px !important;border-right-style:solid !important;border-right-color:#6CE26C !important;bottom:auto !important;float:none !important;height:auto !important;left:auto !important;line-height:1.1em !important;margin:0px !important;outline:0px !important;overflow:visible !important;padding:0px 0.5em 0px 1em !important;position:static !important;right:auto !important;text-align:right !important;top:auto !important;vertical-align:baseline !important;width:auto !important;font-size:1em !important;direction:ltr !important;box-shadow:none !important;white-space:pre !important;background-image:none !important;background-attachment:initial !important;background-size:initial !important;background-origin:initial !important;background-clip:initial !important;background-position:initial !important;background-repeat:initial !important;\">\r\n							9\r\n						</div>\r\n						<div class=\"line number10 index9 alt1\" style=\"box-sizing:content-box !important;border-radius:0px !important;border-width:0px 3px 0px 0px !important;border-right-style:solid !important;border-right-color:#6CE26C !important;bottom:auto !important;float:none !important;height:auto !important;left:auto !important;line-height:1.1em !important;margin:0px !important;outline:0px !important;overflow:visible !important;padding:0px 0.5em 0px 1em !important;position:static !important;right:auto !important;text-align:right !important;top:auto !important;vertical-align:baseline !important;width:auto !important;font-size:1em !important;direction:ltr !important;box-shadow:none !important;white-space:pre !important;background-image:none !important;background-attachment:initial !important;background-size:initial !important;background-origin:initial !important;background-clip:initial !important;background-position:initial !important;background-repeat:initial !important;\">\r\n							10\r\n						</div>\r\n						<div class=\"line number11 index10 alt2\" style=\"box-sizing:content-box !important;border-radius:0px !important;border-width:0px 3px 0px 0px !important;border-right-style:solid !important;border-right-color:#6CE26C !important;bottom:auto !important;float:none !important;height:auto !important;left:auto !important;line-height:1.1em !important;margin:0px !important;outline:0px !important;overflow:visible !important;padding:0px 0.5em 0px 1em !important;position:static !important;right:auto !important;text-align:right !important;top:auto !important;vertical-align:baseline !important;width:auto !important;font-size:1em !important;direction:ltr !important;box-shadow:none !important;white-space:pre !important;background-image:none !important;background-attachment:initial !important;background-size:initial !important;background-origin:initial !important;background-clip:initial !important;background-position:initial !important;background-repeat:initial !important;\">\r\n							11\r\n						</div>\r\n						<div class=\"line number12 index11 alt1\" style=\"box-sizing:content-box !important;border-radius:0px !important;border-width:0px 3px 0px 0px !important;border-right-style:solid !important;border-right-color:#6CE26C !important;bottom:auto !important;float:none !important;height:auto !important;left:auto !important;line-height:1.1em !important;margin:0px !important;outline:0px !important;overflow:visible !important;padding:0px 0.5em 0px 1em !important;position:static !important;right:auto !important;text-align:right !important;top:auto !important;vertical-align:baseline !important;width:auto !important;font-size:1em !important;direction:ltr !important;box-shadow:none !important;white-space:pre !important;background-image:none !important;background-attachment:initial !important;background-size:initial !important;background-origin:initial !important;background-clip:initial !important;background-position:initial !important;background-repeat:initial !important;\">\r\n							12\r\n						</div>\r\n					</td>\r\n					<td class=\"code\" style=\"width:807px;box-sizing:content-box !important;border:0px !important;border-radius:0px !important;bottom:auto !important;float:none !important;height:auto !important;left:auto !important;line-height:1.1em !important;margin:0px !important;outline:0px !important;overflow:visible !important;padding:0px !important;position:static !important;right:auto !important;top:auto !important;vertical-align:baseline !important;font-family:Monaco, Consolas, \'Bitstream Vera Sans Mono\', \'Courier New\', Courier, monospace !important;font-size:1em !important;direction:ltr !important;box-shadow:none !important;background:none !important;\">\r\n						<div class=\"container\" style=\"box-sizing:content-box !important;margin:0px !important;padding:0px !important;width:auto !important;overflow:visible !important;border-radius:0px !important;border:0px !important;bottom:auto !important;float:none !important;height:auto !important;left:auto !important;line-height:1.1em !important;outline:0px !important;position:relative !important;right:auto !important;top:auto !important;vertical-align:baseline !important;font-size:1em !important;direction:ltr !important;box-shadow:none !important;background:none !important;\">\r\n							<div class=\"line number1 index0 alt2\" style=\"box-sizing:content-box !important;border-radius:0px !important;border:0px !important;bottom:auto !important;float:none !important;height:auto !important;left:auto !important;line-height:1.1em !important;margin:0px !important;outline:0px !important;overflow:visible !important;padding:0px 1em !important;position:static !important;right:auto !important;top:auto !important;vertical-align:baseline !important;width:auto !important;font-size:1em !important;direction:ltr !important;box-shadow:none !important;white-space:pre !important;background-image:none !important;background-attachment:initial !important;background-size:initial !important;background-origin:initial !important;background-clip:initial !important;background-position:initial !important;background-repeat:initial !important;\">\r\n								<code class=\"jscript plain\" style=\"box-sizing:content-box !important;border-radius:0px !important;border:0px !important;bottom:auto !important;float:none !important;height:auto !important;left:auto !important;line-height:1.1em !important;margin:0px !important;outline:0px !important;overflow:visible !important;padding:0px !important;position:static !important;right:auto !important;top:auto !important;vertical-align:baseline !important;width:auto !important;font-family:Monaco, Consolas, \'Bitstream Vera Sans Mono\', \'Courier New\', Courier, monospace !important;font-size:1em !important;direction:ltr !important;box-shadow:none !important;display:inline !important;background:none !important;\">define(</code><code class=\"jscript keyword\" style=\"box-sizing:content-box !important;border-radius:0px !important;border:0px !important;bottom:auto !important;float:none !important;height:auto !important;left:auto !important;line-height:1.1em !important;margin:0px !important;outline:0px !important;overflow:visible !important;padding:0px !important;position:static !important;right:auto !important;top:auto !important;vertical-align:baseline !important;width:auto !important;font-family:Monaco, Consolas, \'Bitstream Vera Sans Mono\', \'Courier New\', Courier, monospace !important;font-weight:bold !important;font-size:1em !important;direction:ltr !important;box-shadow:none !important;display:inline !important;color:#006699 !important;background:none !important;\">function</code><code class=\"jscript plain\" style=\"box-sizing:content-box !important;border-radius:0px !important;border:0px !important;bottom:auto !important;float:none !important;height:auto !important;left:auto !important;line-height:1.1em !important;margin:0px !important;outline:0px !important;overflow:visible !important;padding:0px !important;position:static !important;right:auto !important;top:auto !important;vertical-align:baseline !important;width:auto !important;font-family:Monaco, Consolas, \'Bitstream Vera Sans Mono\', \'Courier New\', Courier, monospace !important;font-size:1em !important;direction:ltr !important;box-shadow:none !important;display:inline !important;background:none !important;\">(require){</code> \r\n							</div>\r\n							<div class=\"line number2 index1 alt1\" style=\"box-sizing:content-box !important;border-radius:0px !important;border:0px !important;bottom:auto !important;float:none !important;height:auto !important;left:auto !important;line-height:1.1em !important;margin:0px !important;outline:0px !important;overflow:visible !important;padding:0px 1em !important;position:static !important;right:auto !important;top:auto !important;vertical-align:baseline !important;width:auto !important;font-size:1em !important;direction:ltr !important;box-shadow:none !important;white-space:pre !important;background-image:none !important;background-attachment:initial !important;background-size:initial !important;background-origin:initial !important;background-clip:initial !important;background-position:initial !important;background-repeat:initial !important;\">\r\n								<code class=\"jscript spaces\" style=\"box-sizing:content-box !important;border-radius:0px !important;border:0px !important;bottom:auto !important;float:none !important;height:auto !important;left:auto !important;line-height:1.1em !important;margin:0px !important;outline:0px !important;overflow:visible !important;padding:0px !important;position:static !important;right:auto !important;top:auto !important;vertical-align:baseline !important;width:auto !important;font-family:Monaco, Consolas, \'Bitstream Vera Sans Mono\', \'Courier New\', Courier, monospace !important;font-size:1em !important;direction:ltr !important;box-shadow:none !important;display:inline !important;background:none !important;\">&nbsp;&nbsp;&nbsp;&nbsp;</code><code class=\"jscript keyword\" style=\"box-sizing:content-box !important;border-radius:0px !important;border:0px !important;bottom:auto !important;float:none !important;height:auto !important;left:auto !important;line-height:1.1em !important;margin:0px !important;outline:0px !important;overflow:visible !important;padding:0px !important;position:static !important;right:auto !important;top:auto !important;vertical-align:baseline !important;width:auto !important;font-family:Monaco, Consolas, \'Bitstream Vera Sans Mono\', \'Courier New\', Courier, monospace !important;font-weight:bold !important;font-size:1em !important;direction:ltr !important;box-shadow:none !important;display:inline !important;color:#006699 !important;background:none !important;\">var</code> <code class=\"jscript plain\" style=\"box-sizing:content-box !important;border-radius:0px !important;border:0px !important;bottom:auto !important;float:none !important;height:auto !important;left:auto !important;line-height:1.1em !important;margin:0px !important;outline:0px !important;overflow:visible !important;padding:0px !important;position:static !important;right:auto !important;top:auto !important;vertical-align:baseline !important;width:auto !important;font-family:Monaco, Consolas, \'Bitstream Vera Sans Mono\', \'Courier New\', Courier, monospace !important;font-size:1em !important;direction:ltr !important;box-shadow:none !important;display:inline !important;background:none !important;\">$ = require(</code><code class=\"jscript string\" style=\"box-sizing:content-box !important;border-radius:0px !important;border:0px !important;bottom:auto !important;float:none !important;height:auto !important;left:auto !important;line-height:1.1em !important;margin:0px !important;outline:0px !important;overflow:visible !important;padding:0px !important;position:static !important;right:auto !important;top:auto !important;vertical-align:baseline !important;width:auto !important;font-family:Monaco, Consolas, \'Bitstream Vera Sans Mono\', \'Courier New\', Courier, monospace !important;font-size:1em !important;direction:ltr !important;box-shadow:none !important;display:inline !important;color:blue !important;background:none !important;\">\"jquery\"</code><code class=\"jscript plain\" style=\"box-sizing:content-box !important;border-radius:0px !important;border:0px !important;bottom:auto !important;float:none !important;height:auto !important;left:auto !important;line-height:1.1em !important;margin:0px !important;outline:0px !important;overflow:visible !important;padding:0px !important;position:static !important;right:auto !important;top:auto !important;vertical-align:baseline !important;width:auto !important;font-family:Monaco, Consolas, \'Bitstream Vera Sans Mono\', \'Courier New\', Courier, monospace !important;font-size:1em !important;direction:ltr !important;box-shadow:none !important;display:inline !important;background:none !important;\">);</code> \r\n							</div>\r\n							<div class=\"line number3 index2 alt2\" style=\"box-sizing:content-box !important;border-radius:0px !important;border:0px !important;bottom:auto !important;float:none !important;height:auto !important;left:auto !important;line-height:1.1em !important;margin:0px !important;outline:0px !important;overflow:visible !important;padding:0px 1em !important;position:static !important;right:auto !important;top:auto !important;vertical-align:baseline !important;width:auto !important;font-size:1em !important;direction:ltr !important;box-shadow:none !important;white-space:pre !important;background-image:none !important;background-attachment:initial !important;background-size:initial !important;background-origin:initial !important;background-clip:initial !important;background-position:initial !important;background-repeat:initial !important;\">\r\n								<code class=\"jscript spaces\" style=\"box-sizing:content-box !important;border-radius:0px !important;border:0px !important;bottom:auto !important;float:none !important;height:auto !important;left:auto !important;line-height:1.1em !important;margin:0px !important;outline:0px !important;overflow:visible !important;padding:0px !important;position:static !important;right:auto !important;top:auto !important;vertical-align:baseline !important;width:auto !important;font-family:Monaco, Consolas, \'Bitstream Vera Sans Mono\', \'Courier New\', Courier, monospace !important;font-size:1em !important;direction:ltr !important;box-shadow:none !important;display:inline !important;background:none !important;\">&nbsp;&nbsp;&nbsp;&nbsp;</code><code class=\"jscript keyword\" style=\"box-sizing:content-box !important;border-radius:0px !important;border:0px !important;bottom:auto !important;float:none !important;height:auto !important;left:auto !important;line-height:1.1em !important;margin:0px !important;outline:0px !important;overflow:visible !important;padding:0px !important;position:static !important;right:auto !important;top:auto !important;vertical-align:baseline !important;width:auto !important;font-family:Monaco, Consolas, \'Bitstream Vera Sans Mono\', \'Courier New\', Courier, monospace !important;font-weight:bold !important;font-size:1em !important;direction:ltr !important;box-shadow:none !important;display:inline !important;color:#006699 !important;background:none !important;\">var</code> <code class=\"jscript plain\" style=\"box-sizing:content-box !important;border-radius:0px !important;border:0px !important;bottom:auto !important;float:none !important;height:auto !important;left:auto !important;line-height:1.1em !important;margin:0px !important;outline:0px !important;overflow:visible !important;padding:0px !important;position:static !important;right:auto !important;top:auto !important;vertical-align:baseline !important;width:auto !important;font-family:Monaco, Consolas, \'Bitstream Vera Sans Mono\', \'Courier New\', Courier, monospace !important;font-size:1em !important;direction:ltr !important;box-shadow:none !important;display:inline !important;background:none !important;\">justep = require(</code><code class=\"jscript string\" style=\"box-sizing:content-box !important;border-radius:0px !important;border:0px !important;bottom:auto !important;float:none !important;height:auto !important;left:auto !important;line-height:1.1em !important;margin:0px !important;outline:0px !important;overflow:visible !important;padding:0px !important;position:static !important;right:auto !important;top:auto !important;vertical-align:baseline !important;width:auto !important;font-family:Monaco, Consolas, \'Bitstream Vera Sans Mono\', \'Courier New\', Courier, monospace !important;font-size:1em !important;direction:ltr !important;box-shadow:none !important;display:inline !important;color:blue !important;background:none !important;\">\"$UI/system/lib/justep\"</code><code class=\"jscript plain\" style=\"box-sizing:content-box !important;border-radius:0px !important;border:0px !important;bottom:auto !important;float:none !important;height:auto !important;left:auto !important;line-height:1.1em !important;margin:0px !important;outline:0px !important;overflow:visible !important;padding:0px !important;position:static !important;right:auto !important;top:auto !important;vertical-align:baseline !important;width:auto !important;font-family:Monaco, Consolas, \'Bitstream Vera Sans Mono\', \'Courier New\', Courier, monospace !important;font-size:1em !important;direction:ltr !important;box-shadow:none !important;display:inline !important;background:none !important;\">);</code> \r\n							</div>\r\n							<div class=\"line number4 index3 alt1\" style=\"box-sizing:content-box !important;border-radius:0px !important;border:0px !important;bottom:auto !important;float:none !important;height:auto !important;left:auto !important;line-height:1.1em !important;margin:0px !important;outline:0px !important;overflow:visible !important;padding:0px 1em !important;position:static !important;right:auto !important;top:auto !important;vertical-align:baseline !important;width:auto !important;font-size:1em !important;direction:ltr !important;box-shadow:none !important;white-space:pre !important;background-image:none !important;background-attachment:initial !important;background-size:initial !important;background-origin:initial !important;background-clip:initial !important;background-position:initial !important;background-repeat:initial !important;\">\r\n								&nbsp;\r\n							</div>\r\n							<div class=\"line number5 index4 alt2\" style=\"box-sizing:content-box !important;border-radius:0px !important;border:0px !important;bottom:auto !important;float:none !important;height:auto !important;left:auto !important;line-height:1.1em !important;margin:0px !important;outline:0px !important;overflow:visible !important;padding:0px 1em !important;position:static !important;right:auto !important;top:auto !important;vertical-align:baseline !important;width:auto !important;font-size:1em !important;direction:ltr !important;box-shadow:none !important;white-space:pre !important;background-image:none !important;background-attachment:initial !important;background-size:initial !important;background-origin:initial !important;background-clip:initial !important;background-position:initial !important;background-repeat:initial !important;\">\r\n								<code class=\"jscript spaces\" style=\"box-sizing:content-box !important;border-radius:0px !important;border:0px !important;bottom:auto !important;float:none !important;height:auto !important;left:auto !important;line-height:1.1em !important;margin:0px !important;outline:0px !important;overflow:visible !important;padding:0px !important;position:static !important;right:auto !important;top:auto !important;vertical-align:baseline !important;width:auto !important;font-family:Monaco, Consolas, \'Bitstream Vera Sans Mono\', \'Courier New\', Courier, monospace !important;font-size:1em !important;direction:ltr !important;box-shadow:none !important;display:inline !important;background:none !important;\">&nbsp;&nbsp;&nbsp;&nbsp;</code><code class=\"jscript keyword\" style=\"box-sizing:content-box !important;border-radius:0px !important;border:0px !important;bottom:auto !important;float:none !important;height:auto !important;left:auto !important;line-height:1.1em !important;margin:0px !important;outline:0px !important;overflow:visible !important;padding:0px !important;position:static !important;right:auto !important;top:auto !important;vertical-align:baseline !important;width:auto !important;font-family:Monaco, Consolas, \'Bitstream Vera Sans Mono\', \'Courier New\', Courier, monospace !important;font-weight:bold !important;font-size:1em !important;direction:ltr !important;box-shadow:none !important;display:inline !important;color:#006699 !important;background:none !important;\">var</code> <code class=\"jscript plain\" style=\"box-sizing:content-box !important;border-radius:0px !important;border:0px !important;bottom:auto !important;float:none !important;height:auto !important;left:auto !important;line-height:1.1em !important;margin:0px !important;outline:0px !important;overflow:visible !important;padding:0px !important;position:static !important;right:auto !important;top:auto !important;vertical-align:baseline !important;width:auto !important;font-family:Monaco, Consolas, \'Bitstream Vera Sans Mono\', \'Courier New\', Courier, monospace !important;font-size:1em !important;direction:ltr !important;box-shadow:none !important;display:inline !important;background:none !important;\">Model = </code><code class=\"jscript keyword\" style=\"box-sizing:content-box !important;border-radius:0px !important;border:0px !important;bottom:auto !important;float:none !important;height:auto !important;left:auto !important;line-height:1.1em !important;margin:0px !important;outline:0px !important;overflow:visible !important;padding:0px !important;position:static !important;right:auto !important;top:auto !important;vertical-align:baseline !important;width:auto !important;font-family:Monaco, Consolas, \'Bitstream Vera Sans Mono\', \'Courier New\', Courier, monospace !important;font-weight:bold !important;font-size:1em !important;direction:ltr !important;box-shadow:none !important;display:inline !important;color:#006699 !important;background:none !important;\">function</code><code class=\"jscript plain\" style=\"box-sizing:content-box !important;border-radius:0px !important;border:0px !important;bottom:auto !important;float:none !important;height:auto !important;left:auto !important;line-height:1.1em !important;margin:0px !important;outline:0px !important;overflow:visible !important;padding:0px !important;position:static !important;right:auto !important;top:auto !important;vertical-align:baseline !important;width:auto !important;font-family:Monaco, Consolas, \'Bitstream Vera Sans Mono\', \'Courier New\', Courier, monospace !important;font-size:1em !important;direction:ltr !important;box-shadow:none !important;display:inline !important;background:none !important;\">(){</code> \r\n							</div>\r\n							<div class=\"line number6 index5 alt1\" style=\"box-sizing:content-box !important;border-radius:0px !important;border:0px !important;bottom:auto !important;float:none !important;height:auto !important;left:auto !important;line-height:1.1em !important;margin:0px !important;outline:0px !important;overflow:visible !important;padding:0px 1em !important;position:static !important;right:auto !important;top:auto !important;vertical-align:baseline !important;width:auto !important;font-size:1em !important;direction:ltr !important;box-shadow:none !important;white-space:pre !important;background-image:none !important;background-attachment:initial !important;background-size:initial !important;background-origin:initial !important;background-clip:initial !important;background-position:initial !important;background-repeat:initial !important;\">\r\n								<code class=\"jscript spaces\" style=\"box-sizing:content-box !important;border-radius:0px !important;border:0px !important;bottom:auto !important;float:none !important;height:auto !important;left:auto !important;line-height:1.1em !important;margin:0px !important;outline:0px !important;overflow:visible !important;padding:0px !important;position:static !important;right:auto !important;top:auto !important;vertical-align:baseline !important;width:auto !important;font-family:Monaco, Consolas, \'Bitstream Vera Sans Mono\', \'Courier New\', Courier, monospace !important;font-size:1em !important;direction:ltr !important;box-shadow:none !important;display:inline !important;background:none !important;\">&nbsp;&nbsp;&nbsp;&nbsp;&nbsp;&nbsp;&nbsp;&nbsp;</code><code class=\"jscript keyword\" style=\"box-sizing:content-box !important;border-radius:0px !important;border:0px !important;bottom:auto !important;float:none !important;height:auto !important;left:auto !important;line-height:1.1em !important;margin:0px !important;outline:0px !important;overflow:visible !important;padding:0px !important;position:static !important;right:auto !important;top:auto !important;vertical-align:baseline !important;width:auto !important;font-family:Monaco, Consolas, \'Bitstream Vera Sans Mono\', \'Courier New\', Courier, monospace !important;font-weight:bold !important;font-size:1em !important;direction:ltr !important;box-shadow:none !important;display:inline !important;color:#006699 !important;background:none !important;\">this</code><code class=\"jscript plain\" style=\"box-sizing:content-box !important;border-radius:0px !important;border:0px !important;bottom:auto !important;float:none !important;height:auto !important;left:auto !important;line-height:1.1em !important;margin:0px !important;outline:0px !important;overflow:visible !important;padding:0px !important;position:static !important;right:auto !important;top:auto !important;vertical-align:baseline !important;width:auto !important;font-family:Monaco, Consolas, \'Bitstream Vera Sans Mono\', \'Courier New\', Courier, monospace !important;font-size:1em !important;direction:ltr !important;box-shadow:none !important;display:inline !important;background:none !important;\">.callParent();</code> \r\n							</div>\r\n							<div class=\"line number7 index6 alt2 highlighted\" style=\"box-sizing:content-box !important;border-radius:0px !important;border:0px !important;bottom:auto !important;float:none !important;height:auto !important;left:auto !important;line-height:1.1em !important;margin:0px !important;outline:0px !important;overflow:visible !important;padding:0px 1em !important;position:static !important;right:auto !important;top:auto !important;vertical-align:baseline !important;width:auto !important;font-size:1em !important;direction:ltr !important;box-shadow:none !important;white-space:pre !important;background:none #E0E0E0 !important;\">\r\n								<code class=\"jscript spaces\" style=\"box-sizing:content-box !important;border-radius:0px !important;border:0px !important;bottom:auto !important;float:none !important;height:auto !important;left:auto !important;line-height:1.1em !important;margin:0px !important;outline:0px !important;overflow:visible !important;padding:0px !important;position:static !important;right:auto !important;top:auto !important;vertical-align:baseline !important;width:auto !important;font-family:Monaco, Consolas, \'Bitstream Vera Sans Mono\', \'Courier New\', Courier, monospace !important;font-size:1em !important;direction:ltr !important;box-shadow:none !important;display:inline !important;background:none !important;\">&nbsp;&nbsp;&nbsp;&nbsp;&nbsp;&nbsp;&nbsp;&nbsp;</code><code class=\"jscript comments\" style=\"box-sizing:content-box !important;border-radius:0px !important;border:0px !important;bottom:auto !important;float:none !important;height:auto !important;left:auto !important;line-height:1.1em !important;margin:0px !important;outline:0px !important;overflow:visible !important;padding:0px !important;position:static !important;right:auto !important;top:auto !important;vertical-align:baseline !important;width:auto !important;font-family:Monaco, Consolas, \'Bitstream Vera Sans Mono\', \'Courier New\', Courier, monospace !important;font-size:1em !important;direction:ltr !important;box-shadow:none !important;display:inline !important;color:#008200 !important;background:none !important;\">//定义可监控对象</code> \r\n							</div>\r\n							<div class=\"line number8 index7 alt1 highlighted\" style=\"box-sizing:content-box !important;border-radius:0px !important;border:0px !important;bottom:auto !important;float:none !important;height:auto !important;left:auto !important;line-height:1.1em !important;margin:0px !important;outline:0px !important;overflow:visible !important;padding:0px 1em !important;position:static !important;right:auto !important;top:auto !important;vertical-align:baseline !important;width:auto !important;font-size:1em !important;direction:ltr !important;box-shadow:none !important;white-space:pre !important;background:none #E0E0E0 !important;\">\r\n								<code class=\"jscript spaces\" style=\"box-sizing:content-box !important;border-radius:0px !important;border:0px !important;bottom:auto !important;float:none !important;height:auto !important;left:auto !important;line-height:1.1em !important;margin:0px !important;outline:0px !important;overflow:visible !important;padding:0px !important;position:static !important;right:auto !important;top:auto !important;vertical-align:baseline !important;width:auto !important;font-family:Monaco, Consolas, \'Bitstream Vera Sans Mono\', \'Courier New\', Courier, monospace !important;font-size:1em !important;direction:ltr !important;box-shadow:none !important;display:inline !important;background:none !important;\">&nbsp;&nbsp;&nbsp;&nbsp;&nbsp;&nbsp;&nbsp;&nbsp;</code><code class=\"jscript keyword\" style=\"box-sizing:content-box !important;border-radius:0px !important;border:0px !important;bottom:auto !important;float:none !important;height:auto !important;left:auto !important;line-height:1.1em !important;margin:0px !important;outline:0px !important;overflow:visible !important;padding:0px !important;position:static !important;right:auto !important;top:auto !important;vertical-align:baseline !important;width:auto !important;font-family:Monaco, Consolas, \'Bitstream Vera Sans Mono\', \'Courier New\', Courier, monospace !important;font-weight:bold !important;font-size:1em !important;direction:ltr !important;box-shadow:none !important;display:inline !important;color:#006699 !important;background:none !important;\">this</code><code class=\"jscript plain\" style=\"box-sizing:content-box !important;border-radius:0px !important;border:0px !important;bottom:auto !important;float:none !important;height:auto !important;left:auto !important;line-height:1.1em !important;margin:0px !important;outline:0px !important;overflow:visible !important;padding:0px !important;position:static !important;right:auto !important;top:auto !important;vertical-align:baseline !important;width:auto !important;font-family:Monaco, Consolas, \'Bitstream Vera Sans Mono\', \'Courier New\', Courier, monospace !important;font-size:1em !important;direction:ltr !important;box-shadow:none !important;display:inline !important;background:none !important;\">.name = justep.Bind.observable(</code><code class=\"jscript string\" style=\"box-sizing:content-box !important;border-radius:0px !important;border:0px !important;bottom:auto !important;float:none !important;height:auto !important;left:auto !important;line-height:1.1em !important;margin:0px !important;outline:0px !important;overflow:visible !important;padding:0px !important;position:static !important;right:auto !important;top:auto !important;vertical-align:baseline !important;width:auto !important;font-family:Monaco, Consolas, \'Bitstream Vera Sans Mono\', \'Courier New\', Courier, monospace !important;font-size:1em !important;direction:ltr !important;box-shadow:none !important;display:inline !important;color:blue !important;background:none !important;\">\"\"</code><code class=\"jscript plain\" style=\"box-sizing:content-box !important;border-radius:0px !important;border:0px !important;bottom:auto !important;float:none !important;height:auto !important;left:auto !important;line-height:1.1em !important;margin:0px !important;outline:0px !important;overflow:visible !important;padding:0px !important;position:static !important;right:auto !important;top:auto !important;vertical-align:baseline !important;width:auto !important;font-family:Monaco, Consolas, \'Bitstream Vera Sans Mono\', \'Courier New\', Courier, monospace !important;font-size:1em !important;direction:ltr !important;box-shadow:none !important;display:inline !important;background:none !important;\">);</code> \r\n							</div>\r\n							<div class=\"line number9 index8 alt2\" style=\"box-sizing:content-box !important;border-radius:0px !important;border:0px !important;bottom:auto !important;float:none !important;height:auto !important;left:auto !important;line-height:1.1em !important;margin:0px !important;outline:0px !important;overflow:visible !important;padding:0px 1em !important;position:static !important;right:auto !important;top:auto !important;vertical-align:baseline !important;width:auto !important;font-size:1em !important;direction:ltr !important;box-shadow:none !important;white-space:pre !important;background-image:none !important;background-attachment:initial !important;background-size:initial !important;background-origin:initial !important;background-clip:initial !important;background-position:initial !important;background-repeat:initial !important;\">\r\n								<code class=\"jscript spaces\" style=\"box-sizing:content-box !important;border-radius:0px !important;border:0px !important;bottom:auto !important;float:none !important;height:auto !important;left:auto !important;line-height:1.1em !important;margin:0px !important;outline:0px !important;overflow:visible !important;padding:0px !important;position:static !important;right:auto !important;top:auto !important;vertical-align:baseline !important;width:auto !important;font-family:Monaco, Consolas, \'Bitstream Vera Sans Mono\', \'Courier New\', Courier, monospace !important;font-size:1em !important;direction:ltr !important;box-shadow:none !important;display:inline !important;background:none !important;\">&nbsp;&nbsp;&nbsp;&nbsp;</code><code class=\"jscript plain\" style=\"box-sizing:content-box !important;border-radius:0px !important;border:0px !important;bottom:auto !important;float:none !important;height:auto !important;left:auto !important;line-height:1.1em !important;margin:0px !important;outline:0px !important;overflow:visible !important;padding:0px !important;position:static !important;right:auto !important;top:auto !important;vertical-align:baseline !important;width:auto !important;font-family:Monaco, Consolas, \'Bitstream Vera Sans Mono\', \'Courier New\', Courier, monospace !important;font-size:1em !important;direction:ltr !important;box-shadow:none !important;display:inline !important;background:none !important;\">};</code> \r\n							</div>\r\n							<div class=\"line number10 index9 alt1\" style=\"box-sizing:content-box !important;border-radius:0px !important;border:0px !important;bottom:auto !important;float:none !important;height:auto !important;left:auto !important;line-height:1.1em !important;margin:0px !important;outline:0px !important;overflow:visible !important;padding:0px 1em !important;position:static !important;right:auto !important;top:auto !important;vertical-align:baseline !important;width:auto !important;font-size:1em !important;direction:ltr !important;box-shadow:none !important;white-space:pre !important;background-image:none !important;background-attachment:initial !important;background-size:initial !important;background-origin:initial !important;background-clip:initial !important;background-position:initial !important;background-repeat:initial !important;\">\r\n								&nbsp;\r\n							</div>\r\n							<div class=\"line number11 index10 alt2\" style=\"box-sizing:content-box !important;border-radius:0px !important;border:0px !important;bottom:auto !important;float:none !important;height:auto !important;left:auto !important;line-height:1.1em !important;margin:0px !important;outline:0px !important;overflow:visible !important;padding:0px 1em !important;position:static !important;right:auto !important;top:auto !important;vertical-align:baseline !important;width:auto !important;font-size:1em !important;direction:ltr !important;box-shadow:none !important;white-space:pre !important;background-image:none !important;background-attachment:initial !important;background-size:initial !important;background-origin:initial !important;background-clip:initial !important;background-position:initial !important;background-repeat:initial !important;\">\r\n								<code class=\"jscript spaces\" style=\"box-sizing:content-box !important;border-radius:0px !important;border:0px !important;bottom:auto !important;float:none !important;height:auto !important;left:auto !important;line-height:1.1em !important;margin:0px !important;outline:0px !important;overflow:visible !important;padding:0px !important;position:static !important;right:auto !important;top:auto !important;vertical-align:baseline !important;width:auto !important;font-family:Monaco, Consolas, \'Bitstream Vera Sans Mono\', \'Courier New\', Courier, monospace !important;font-size:1em !important;direction:ltr !important;box-shadow:none !important;display:inline !important;background:none !important;\">&nbsp;&nbsp;&nbsp;&nbsp;</code><code class=\"jscript keyword\" style=\"box-sizing:content-box !important;border-radius:0px !important;border:0px !important;bottom:auto !important;float:none !important;height:auto !important;left:auto !important;line-height:1.1em !important;margin:0px !important;outline:0px !important;overflow:visible !important;padding:0px !important;position:static !important;right:auto !important;top:auto !important;vertical-align:baseline !important;width:auto !important;font-family:Monaco, Consolas, \'Bitstream Vera Sans Mono\', \'Courier New\', Courier, monospace !important;font-weight:bold !important;font-size:1em !important;direction:ltr !important;box-shadow:none !important;display:inline !important;color:#006699 !important;background:none !important;\">return</code> <code class=\"jscript plain\" style=\"box-sizing:content-box !important;border-radius:0px !important;border:0px !important;bottom:auto !important;float:none !important;height:auto !important;left:auto !important;line-height:1.1em !important;margin:0px !important;outline:0px !important;overflow:visible !important;padding:0px !important;position:static !important;right:auto !important;top:auto !important;vertical-align:baseline !important;width:auto !important;font-family:Monaco, Consolas, \'Bitstream Vera Sans Mono\', \'Courier New\', Courier, monospace !important;font-size:1em !important;direction:ltr !important;box-shadow:none !important;display:inline !important;background:none !important;\">Model;</code> \r\n							</div>\r\n							<div class=\"line number12 index11 alt1\" style=\"box-sizing:content-box !important;border-radius:0px !important;border:0px !important;bottom:auto !important;float:none !important;height:auto !important;left:auto !important;line-height:1.1em !important;margin:0px !important;outline:0px !important;overflow:visible !important;padding:0px 1em !important;position:static !important;right:auto !important;top:auto !important;vertical-align:baseline !important;width:auto !important;font-size:1em !important;direction:ltr !important;box-shadow:none !important;white-space:pre !important;background-image:none !important;background-attachment:initial !important;background-size:initial !important;background-origin:initial !important;background-clip:initial !important;background-position:initial !important;background-repeat:initial !important;\">\r\n								<code class=\"jscript plain\" style=\"box-sizing:content-box !important;border-radius:0px !important;border:0px !important;bottom:auto !important;float:none !important;height:auto !important;left:auto !important;line-height:1.1em !important;margin:0px !important;outline:0px !important;overflow:visible !important;padding:0px !important;position:static !important;right:auto !important;top:auto !important;vertical-align:baseline !important;width:auto !important;font-family:Monaco, Consolas, \'Bitstream Vera Sans Mono\', \'Courier New\', Courier, monospace !important;font-size:1em !important;direction:ltr !important;box-shadow:none !important;display:inline !important;background:none !important;\">});</code> \r\n							</div>\r\n						</div>\r\n					</td>\r\n				</tr>\r\n			</tbody>\r\n		</table>\r\n	</div>\r\n</div>\r\n<p style=\"box-sizing:border-box;margin-top:0px;margin-bottom:20px;color:#747474;font-family:\'Microsoft Yahei\';font-size:13px;line-height:20px;white-space:normal;background-color:#FFFFFF;\">\r\n	hello应用页面的目录和文件如下：\r\n</p>\r\n<p style=\"box-sizing:border-box;margin-top:0px;margin-bottom:20px;color:#747474;font-family:\'Microsoft Yahei\';font-size:13px;line-height:20px;white-space:normal;background-color:#FFFFFF;\">\r\n	<a href=\"http://doc.wex5.com/wp-content/uploads/2015/04/hello-app.png\" data-caption=\"\" style=\"box-sizing:border-box;text-decoration:none;color:#333333;\"><img class=\"alignnone size-full wp-image-4124\" src=\"http://doc.wex5.com/wp-content/uploads/2015/04/hello-app.png\" alt=\"hello-app\" width=\"273\" height=\"266\" style=\"box-sizing:border-box;border-style:none;vertical-align:top;max-width:100%;height:auto;\" /></a><br style=\"box-sizing:border-box;\" />\r\n<a name=\"3\"></a> \r\n</p>\r\n<h2 data-fontsize=\"18\" data-lineheight=\"27\" style=\"box-sizing:border-box;color:#333333;margin:0em 0px 1.1em;font-family:\'Microsoft Yahei\';font-weight:400;padding-bottom:0px;font-size:18px;line-height:27px;white-space:normal;background-color:#FFFFFF;\">\r\n	3 运行hello应用\r\n</h2>\r\n<p style=\"box-sizing:border-box;margin-top:0px;margin-bottom:20px;color:#747474;font-family:\'Microsoft Yahei\';font-size:13px;line-height:20px;white-space:normal;background-color:#FFFFFF;\">\r\n	hello应用和页面制作好了，怎么运行呢？启动tomact，在浏览器地址栏中输入http://localhost:8080/x5/UI2/hello/hello.w，hello应用和页面就运行起来了。如图：\r\n</p>\r\n<p style=\"box-sizing:border-box;margin-top:0px;margin-bottom:20px;color:#747474;font-family:\'Microsoft Yahei\';font-size:13px;line-height:20px;white-space:normal;background-color:#FFFFFF;\">\r\n	<a href=\"http://doc.wex5.com/wp-content/uploads/2015/02/hello1.png\" data-caption=\"\" style=\"box-sizing:border-box;text-decoration:none;color:#333333;\"><img class=\"alignnone size-full wp-image-3405\" src=\"http://doc.wex5.com/wp-content/uploads/2015/02/hello1.png\" alt=\"hello\" width=\"278\" height=\"22\" style=\"box-sizing:border-box;border-style:none;vertical-align:top;max-width:100%;height:auto;\" /></a> \r\n</p>\r\n<p style=\"box-sizing:border-box;margin-top:0px;margin-bottom:20px;color:#747474;font-family:\'Microsoft Yahei\';font-size:13px;line-height:20px;white-space:normal;background-color:#FFFFFF;\">\r\n	每个页面都有一个URL，通过这个URL在浏览器中就能够打开这个页面。\r\n</p>\r\n<p style=\"box-sizing:border-box;margin-top:0px;margin-bottom:20px;color:#747474;font-family:\'Microsoft Yahei\';font-size:13px;line-height:20px;white-space:normal;background-color:#FFFFFF;\">\r\n	上面说到启动tomcat，这儿tomcat服务主要用来做开发调试，应用发布为app后，就可以不需要tomcat服务了。有两个地方可以启动tomcat：\r\n</p>\r\n<ul style=\"box-sizing:border-box;color:#747474;font-family:\'Microsoft Yahei\';font-size:13px;line-height:20px;white-space:normal;background-color:#FFFFFF;\">\r\n	<li style=\"box-sizing:border-box;\">\r\n		一是点击studio的工具栏<a href=\"http://doc.wex5.com/wp-content/uploads/2015/02/tomcat.png\" data-caption=\"\" style=\"box-sizing:border-box;text-decoration:none;color:#333333;\"><img class=\"alignnone size-full wp-image-1007\" src=\"http://doc.wex5.com/wp-content/uploads/2015/02/tomcat.png\" alt=\"tomcat\" width=\"77\" height=\"34\" style=\"box-sizing:border-box;border-style:none;vertical-align:top;max-width:100%;height:auto;\" /></a>的第一个图标，这是启动调试模式tomcat服务\r\n	</li>\r\n</ul>\r\n<p style=\"box-sizing:border-box;margin-top:0px;margin-bottom:20px;color:#747474;font-family:\'Microsoft Yahei\';font-size:13px;line-height:20px;white-space:normal;padding-left:30px;background-color:#FFFFFF;\">\r\n	调试模式下每次打开或刷新页面都会刺激重新编译页面，并且让浏览器加载最新的页面而不使用任何缓存。调试模式对开发更方便，每次修改保存后，直接刷新页面即可。调试模式下，由于每次运行都会重新编译页面，所以页面运行会稍慢。\r\n</p>\r\n<ul style=\"box-sizing:border-box;color:#747474;font-family:\'Microsoft Yahei\';font-size:13px;line-height:20px;white-space:normal;background-color:#FFFFFF;\">\r\n	<li style=\"box-sizing:border-box;\">\r\n		二是运行WeX5目录里的“<strong style=\"box-sizing:border-box;\">启动X5运行平台.bat”</strong>命令，这是启动正常模式tomcat服务\r\n	</li>\r\n</ul>\r\n<p style=\"box-sizing:border-box;margin-top:0px;margin-bottom:20px;color:#747474;font-family:\'Microsoft Yahei\';font-size:13px;line-height:20px;white-space:normal;padding-left:30px;background-color:#FFFFFF;\">\r\n	正常模式下如果页面或资源有缓存可用，就会使用缓存。所以，<span style=\"box-sizing:border-box;color:#FF0000;\">修改且保存了页面，但刷新浏览器看不到最新的修改时，就要检查下是不是启动了正常模式tomcat</span>。\r\n</p>\r\n<p style=\"box-sizing:border-box;margin-top:0px;margin-bottom:20px;color:#747474;font-family:\'Microsoft Yahei\';font-size:13px;line-height:20px;white-space:normal;background-color:#FFFFFF;\">\r\n	一般情况下，我们在开发阶段都用调试模式运行tomcat。正常模式的作用在后续文章会讲到。感兴趣的同学可以动手对比下这两种模式，分别启动这两种模式，修改页面并保存，刷新浏览器，看看修改是否立即起作用。<br style=\"box-sizing:border-box;\" />\r\n<a name=\"4\"></a> \r\n</p>\r\n<h2 data-fontsize=\"18\" data-lineheight=\"27\" style=\"box-sizing:border-box;color:#333333;margin:0em 0px 1.1em;font-family:\'Microsoft Yahei\';font-weight:400;padding-bottom:0px;font-size:18px;line-height:27px;white-space:normal;background-color:#FFFFFF;\">\r\n	4 编译和部署hello应用\r\n</h2>\r\n<p style=\"box-sizing:border-box;margin-top:0px;margin-bottom:20px;color:#747474;font-family:\'Microsoft Yahei\';font-size:13px;line-height:20px;white-space:normal;background-color:#FFFFFF;\">\r\n	hello应用开发好了，我们需要部署应用，在部署前我们需要编译页面，为什么需要编译呢？\r\n</p>\r\n<p style=\"box-sizing:border-box;margin-top:0px;margin-bottom:20px;color:#747474;font-family:\'Microsoft Yahei\';font-size:13px;line-height:20px;white-space:normal;background-color:#FFFFFF;\">\r\n	<span style=\"box-sizing:border-box;color:#FF0000;\">页面(.w)包含有加快开发的自定义的组件标签和属性，不能直接在浏览器里运行，需要编译转换为标准html格式页面后才能加载到浏览器里运行。根据页面编译的时机和输出目标不同，页面有下面两种编译方式。</span><br style=\"box-sizing:border-box;\" />\r\n<a name=\"4.1\"></a> \r\n</p>\r\n<h3 data-fontsize=\"16\" data-lineheight=\"24\" style=\"box-sizing:border-box;margin-top:1em;margin-bottom:1em;font-family:\'Microsoft Yahei\';font-weight:400;font-size:16px;line-height:24px;color:#333333;white-space:normal;background-color:#FFFFFF;\">\r\n	4.1 页面编译方式一\r\n</h3>\r\n<p style=\"box-sizing:border-box;margin-top:0px;margin-bottom:20px;color:#747474;font-family:\'Microsoft Yahei\';font-size:13px;line-height:20px;white-space:normal;background-color:#FFFFFF;\">\r\n	页面编译方式一利用编译工具把页面（.w）编译为标准的html页面，然后把标准的html页面和相关的资源做发布。发布的资源即可部署到任意的Web服务器，也可打包到本地app。\r\n</p>\r\n<p style=\"box-sizing:border-box;margin-top:0px;margin-bottom:20px;color:#747474;font-family:\'Microsoft Yahei\';font-size:13px;line-height:20px;white-space:normal;background-color:#FFFFFF;\">\r\n	<a href=\"http://doc.wex5.com/wp-content/uploads/2015/02/run-mode-5.png\" data-caption=\"\" style=\"box-sizing:border-box;text-decoration:none;color:#333333;\"><img class=\"alignnone size-full wp-image-3494\" src=\"http://doc.wex5.com/wp-content/uploads/2015/02/run-mode-5.png\" alt=\"run-mode-5\" width=\"589\" height=\"219\" srcset=\"http://doc.wex5.com/wp-content/uploads/2015/02/run-mode-5-300x112.png 300w, http://doc.wex5.com/wp-content/uploads/2015/02/run-mode-5.png 589w\" sizes=\"(max-width: 589px) 100vw, 589px\" style=\"box-sizing:border-box;border-style:none;vertical-align:top;max-width:100%;height:auto;\" /></a> \r\n</p>\r\n<p style=\"box-sizing:border-box;margin-top:0px;margin-bottom:20px;color:#747474;font-family:\'Microsoft Yahei\';font-size:13px;line-height:20px;white-space:normal;background-color:#FFFFFF;\">\r\n	这种方式，如何操作才能把页面编译为标准的html页面呢？\r\n</p>\r\n<p style=\"box-sizing:border-box;margin-top:0px;margin-bottom:20px;color:#747474;font-family:\'Microsoft Yahei\';font-size:13px;line-height:20px;white-space:normal;background-color:#FFFFFF;\">\r\n	我们把刚才做的hello应用编译一下，步骤如下：\r\n</p>\r\n<p style=\"box-sizing:border-box;margin-top:0px;margin-bottom:20px;color:#747474;font-family:\'Microsoft Yahei\';font-size:13px;line-height:20px;white-space:normal;background-color:#FFFFFF;\">\r\n	第一步，在Native下新建hello本地app，不要奇怪，就是Native下，因为Native需要编译UI资源。设置如下图\r\n</p>\r\n<p style=\"box-sizing:border-box;margin-top:0px;margin-bottom:20px;color:#747474;font-family:\'Microsoft Yahei\';font-size:13px;line-height:20px;white-space:normal;background-color:#FFFFFF;\">\r\n	<img class=\"alignnone size-full wp-image-14503\" src=\"http://doc.wex5.com/wp-content/uploads/2015/04/hello-1.jpg\" alt=\"hello-1\" width=\"1074\" height=\"636\" srcset=\"http://doc.wex5.com/wp-content/uploads/2015/04/hello-1-300x178.jpg 300w, http://doc.wex5.com/wp-content/uploads/2015/04/hello-1-768x455.jpg 768w, http://doc.wex5.com/wp-content/uploads/2015/04/hello-1-1024x606.jpg 1024w, http://doc.wex5.com/wp-content/uploads/2015/04/hello-1.jpg 1074w\" sizes=\"(max-width: 1074px) 100vw, 1074px\" style=\"box-sizing:border-box;border-style:none;vertical-align:top;max-width:100%;height:auto;\" /> \r\n</p>\r\n<p style=\"box-sizing:border-box;margin-top:0px;margin-bottom:20px;color:#747474;font-family:\'Microsoft Yahei\';font-size:13px;line-height:20px;white-space:normal;background-color:#FFFFFF;\">\r\n	第二步，Native下的hello应用创建好后，点击右键菜单-“编译使用到的UI资源”，弹出界面后点编译，hello应用就编译好了。编译好的资源在Native/hello/www目录下，如下图:\r\n</p>\r\n<p style=\"box-sizing:border-box;margin-top:0px;margin-bottom:20px;color:#747474;font-family:\'Microsoft Yahei\';font-size:13px;line-height:20px;white-space:normal;background-color:#FFFFFF;\">\r\n	<img class=\"alignnone size-full wp-image-14504\" src=\"http://doc.wex5.com/wp-content/uploads/2015/04/hello-2.png\" alt=\"hello-2\" width=\"332\" height=\"508\" srcset=\"http://doc.wex5.com/wp-content/uploads/2015/04/hello-2-196x300.png 196w, http://doc.wex5.com/wp-content/uploads/2015/04/hello-2.png 332w\" sizes=\"(max-width: 332px) 100vw, 332px\" style=\"box-sizing:border-box;border-style:none;vertical-align:top;max-width:100%;height:auto;\" /> \r\n</p>\r\n<p style=\"box-sizing:border-box;margin-top:0px;margin-bottom:20px;color:#747474;font-family:\'Microsoft Yahei\';font-size:13px;line-height:20px;white-space:normal;background-color:#FFFFFF;\">\r\n	页面资源编译好后，就可以把这些资源按下文的部署方式部署了。<br style=\"box-sizing:border-box;\" />\r\n<a name=\"4.2\"></a> \r\n</p>\r\n<h3 data-fontsize=\"16\" data-lineheight=\"24\" style=\"box-sizing:border-box;margin-top:1em;margin-bottom:1em;font-family:\'Microsoft Yahei\';font-weight:400;font-size:16px;line-height:24px;color:#333333;white-space:normal;background-color:#FFFFFF;\">\r\n	4.2 页面编译方式二\r\n</h3>\r\n<p style=\"box-sizing:border-box;margin-top:0px;margin-bottom:20px;color:#747474;font-family:\'Microsoft Yahei\';font-size:13px;line-height:20px;white-space:normal;background-color:#FFFFFF;\">\r\n	页面编译方式二是通过UIServer动态编译页面（.w）。编译过程是，当对页面（.w）的请求到达UIServer后，UIServer会先检查是否有该页面的编译转换结果(标准html页面)的缓存，如果有缓存就用缓存响应返回；如果没有缓存，就会先编译页面（.w）为标准html页面，然后缓存并且响应返回。\r\n</p>\r\n<p style=\"box-sizing:border-box;margin-top:0px;margin-bottom:20px;color:#747474;font-family:\'Microsoft Yahei\';font-size:13px;line-height:20px;white-space:normal;background-color:#FFFFFF;\">\r\n	<a href=\"http://doc.wex5.com/wp-content/uploads/2015/02/run-mode-4.png\" data-caption=\"\" style=\"box-sizing:border-box;text-decoration:none;color:#333333;\"><img class=\"alignnone size-full wp-image-3493\" src=\"http://doc.wex5.com/wp-content/uploads/2015/02/run-mode-4.png\" alt=\"run-mode-4\" width=\"578\" height=\"216\" srcset=\"http://doc.wex5.com/wp-content/uploads/2015/02/run-mode-4-300x112.png 300w, http://doc.wex5.com/wp-content/uploads/2015/02/run-mode-4.png 578w\" sizes=\"(max-width: 578px) 100vw, 578px\" style=\"box-sizing:border-box;border-style:none;vertical-align:top;max-width:100%;height:auto;\" /></a><br style=\"box-sizing:border-box;\" />\r\n<a name=\"4.3\"></a> \r\n</p>\r\n<h3 data-fontsize=\"16\" data-lineheight=\"24\" style=\"box-sizing:border-box;margin-top:1em;margin-bottom:1em;font-family:\'Microsoft Yahei\';font-weight:400;font-size:16px;line-height:24px;color:#333333;white-space:normal;background-color:#FFFFFF;\">\r\n	4.3 UI三种部署运行方式\r\n</h3>\r\n<p style=\"box-sizing:border-box;margin-top:0px;margin-bottom:20px;color:#747474;font-family:\'Microsoft Yahei\';font-size:13px;line-height:20px;white-space:normal;background-color:#FFFFFF;\">\r\n	根据上面两种编译方式，WeX5的UI有下面三种部署运行方式。\r\n</p>\r\n<ul style=\"box-sizing:border-box;color:#747474;font-family:\'Microsoft Yahei\';font-size:13px;line-height:20px;white-space:normal;background-color:#FFFFFF;\">\r\n	<li style=\"box-sizing:border-box;\">\r\n		<span style=\"box-sizing:border-box;color:#FF0000;\">部署方式一：页面等应用资源打包到本地app，通过本地app直接访问(编译方式一)</span> \r\n	</li>\r\n</ul>\r\n<p style=\"box-sizing:border-box;margin-top:0px;margin-bottom:20px;color:#747474;font-family:\'Microsoft Yahei\';font-size:13px;line-height:20px;white-space:normal;background-color:#FFFFFF;\">\r\n	这种部署的具体操作可参考app打包。\r\n</p>\r\n<ul style=\"box-sizing:border-box;color:#747474;font-family:\'Microsoft Yahei\';font-size:13px;line-height:20px;white-space:normal;background-color:#FFFFFF;\">\r\n	<li style=\"box-sizing:border-box;\">\r\n		<span style=\"box-sizing:border-box;color:#FF0000;\">部署方式二：页面等应用资源部署到标准Web服务器，通过浏览器或本地app壳访问(编译方式一)</span> \r\n	</li>\r\n</ul>\r\n<p style=\"box-sizing:border-box;margin-top:0px;margin-bottom:20px;color:#747474;font-family:\'Microsoft Yahei\';font-size:13px;line-height:20px;white-space:normal;background-color:#FFFFFF;\">\r\n	标准Web服务器，可以是tomact、apache、nginx、IIS等任意web服务器。为了方便我们以tomcat为例来部署前面已经编译好的hello应用资源。\r\n</p>\r\n<p style=\"box-sizing:border-box;margin-top:0px;margin-bottom:20px;color:#747474;font-family:\'Microsoft Yahei\';font-size:13px;line-height:20px;white-space:normal;background-color:#FFFFFF;\">\r\n	第一步：把hello/www目录下的app目录整个拷贝到tomcat下的webapps；\r\n</p>\r\n<p style=\"box-sizing:border-box;margin-top:0px;margin-bottom:20px;color:#747474;font-family:\'Microsoft Yahei\';font-size:13px;line-height:20px;white-space:normal;background-color:#FFFFFF;\">\r\n	第二步：把app-template下的WEB-INF目录复制到app目录下；\r\n</p>\r\n<p style=\"box-sizing:border-box;margin-top:0px;margin-bottom:20px;color:#747474;font-family:\'Microsoft Yahei\';font-size:13px;line-height:20px;white-space:normal;background-color:#FFFFFF;\">\r\n	<img class=\"alignnone size-full wp-image-14505\" src=\"http://doc.wex5.com/wp-content/uploads/2015/04/hello-3.png\" alt=\"hello-3\" width=\"894\" height=\"424\" srcset=\"http://doc.wex5.com/wp-content/uploads/2015/04/hello-3-300x142.png 300w, http://doc.wex5.com/wp-content/uploads/2015/04/hello-3-768x364.png 768w, http://doc.wex5.com/wp-content/uploads/2015/04/hello-3.png 894w\" sizes=\"(max-width: 894px) 100vw, 894px\" style=\"box-sizing:border-box;border-style:none;vertical-align:top;max-width:100%;height:auto;\" /> \r\n</p>\r\n<p style=\"box-sizing:border-box;margin-top:0px;margin-bottom:20px;color:#747474;font-family:\'Microsoft Yahei\';font-size:13px;line-height:20px;white-space:normal;background-color:#FFFFFF;\">\r\n	如果还没启动tomcat，启动tomcat。在浏览器地址输入http://localhost:8080/app/hello/hello.w，就可以访问了，这时我们就完全不依赖WeX5的调试运行环境（UIServer）了。\r\n</p>\r\n<p style=\"box-sizing:border-box;margin-top:0px;margin-bottom:20px;color:#747474;font-family:\'Microsoft Yahei\';font-size:13px;line-height:20px;white-space:normal;background-color:#FFFFFF;\">\r\n	小知识点:\r\n</p>\r\n<p style=\"box-sizing:border-box;margin-top:0px;margin-bottom:20px;color:#747474;font-family:\'Microsoft Yahei\';font-size:13px;line-height:20px;white-space:normal;background-color:#FFFFFF;\">\r\n	1、编译后的URL还是保持了.w后缀；\r\n</p>\r\n<p style=\"box-sizing:border-box;margin-top:0px;margin-bottom:20px;color:#747474;font-family:\'Microsoft Yahei\';font-size:13px;line-height:20px;white-space:normal;background-color:#FFFFFF;\">\r\n	2、UI2前的webpath可以自己根据需要设定，这儿就用了app，没有用x5，另外这个webpath也可以是多级目录。\r\n</p>\r\n<ul style=\"box-sizing:border-box;color:#747474;font-family:\'Microsoft Yahei\';font-size:13px;line-height:20px;white-space:normal;background-color:#FFFFFF;\">\r\n	<li style=\"box-sizing:border-box;\">\r\n		<span style=\"box-sizing:border-box;color:#FF0000;\">部署方式三：页面等应用资源部署到UIServer，通过浏览器或本地app壳访问(编译方式二)</span> \r\n	</li>\r\n</ul>\r\n<p style=\"box-sizing:border-box;margin-top:0px;margin-bottom:20px;color:#747474;font-family:\'Microsoft Yahei\';font-size:13px;line-height:20px;white-space:normal;background-color:#FFFFFF;\">\r\n	本部署方式详细请看<a href=\"http://doc.wex5.com/wex5-web-app-publish/\" style=\"box-sizing:border-box;text-decoration:none;color:#333333;\">《Web App部署》</a>。\r\n</p>\r\n<p style=\"box-sizing:border-box;margin-top:0px;margin-bottom:20px;color:#747474;font-family:\'Microsoft Yahei\';font-size:13px;line-height:20px;white-space:normal;padding-left:30px;background-color:#FFFFFF;\">\r\n	<span style=\"box-sizing:border-box;color:#00CCFF;\">本文由WeX5君整理，WeX5一款开源免费的<a href=\"http://doc.wex5.com/wex5/\" target=\"_blank\" style=\"box-sizing:border-box;text-decoration:none;color:#00CCFF;\">html5开发工具</a>，<a href=\"http://doc.wex5.com/news\" target=\"_blank\" style=\"box-sizing:border-box;text-decoration:none;color:#00CCFF;\">H5 App</a>开发就用WeX5!</span> \r\n</p>\r\n<p style=\"box-sizing:border-box;margin-top:0px;margin-bottom:20px;color:#747474;font-family:\'Microsoft Yahei\';font-size:13px;line-height:20px;white-space:normal;padding-left:30px;background-color:#FFFFFF;\">\r\n	<span style=\"box-sizing:border-box;color:#00CCFF;\">阅读其他<a href=\"http://doc.wex5.com/?p=3443\" target=\"_blank\" style=\"box-sizing:border-box;text-decoration:none;color:#00CCFF;\">app 开发</a>相关文章：<a href=\"http://doc.wex5.com/?p=3443\" target=\"_blank\" style=\"box-sizing:border-box;text-decoration:none;color:#00CCFF;\">http://doc.wex5.com/?p=3443</a></span> \r\n</p>', '1', '1', '26917', '1461510858', '0', '1');
INSERT INTO `w_text` VALUES ('6', 'UI2前端框架基础02:框架结构图和目录', '<p style=\"box-sizing:border-box;margin-top:0px;margin-bottom:20px;color:#747474;font-family:\'Microsoft Yahei\';font-size:13px;line-height:20px;white-space:normal;background-color:#FFFFFF;\">\r\n	本篇文章通过框架示意图理解UI2的框架构成和核心，并对应介绍system目录。\r\n</p>\r\n<p style=\"box-sizing:border-box;margin-top:0px;margin-bottom:20px;color:#747474;font-family:\'Microsoft Yahei\';font-size:13px;line-height:20px;white-space:normal;background-color:#FFFFFF;\">\r\n	<span id=\"more-4126\" style=\"box-sizing:border-box;\"></span>\r\n</p>\r\n<h2 data-fontsize=\"18\" data-lineheight=\"27\" style=\"box-sizing:border-box;color:#333333;margin:0em 0px 1.1em;font-family:\'Microsoft Yahei\';font-weight:400;padding-bottom:0px;font-size:18px;line-height:27px;white-space:normal;background-color:#FFFFFF;\">\r\n	UI2框架结构图\r\n</h2>\r\n<h2 data-fontsize=\"18\" data-lineheight=\"27\" style=\"box-sizing:border-box;color:#333333;margin:0em 0px 1.1em;font-family:\'Microsoft Yahei\';font-weight:400;padding-bottom:0px;font-size:18px;line-height:27px;white-space:normal;background-color:#FFFFFF;\">\r\n	<a href=\"http://doc.wex5.com/wp-content/uploads/2015/04/ui2-framework-02.png\" data-caption=\"\" style=\"box-sizing:border-box;text-decoration:none;color:#333333;\"><img class=\"alignnone size-full wp-image-4240\" src=\"http://doc.wex5.com/wp-content/uploads/2015/04/ui2-framework-02.png\" alt=\"ui2-framework-02\" width=\"732\" height=\"488\" srcset=\"http://doc.wex5.com/wp-content/uploads/2015/04/ui2-framework-02-300x200.png 300w, http://doc.wex5.com/wp-content/uploads/2015/04/ui2-framework-02.png 732w\" sizes=\"(max-width: 732px) 100vw, 732px\" style=\"box-sizing:border-box;border-style:none;vertical-align:top;max-width:100%;height:auto;\" /></a>\r\n</h2>\r\n<p style=\"box-sizing:border-box;margin-top:0px;margin-bottom:20px;color:#747474;font-family:\'Microsoft Yahei\';font-size:13px;line-height:20px;white-space:normal;background-color:#FFFFFF;\">\r\n	看框架结构图，为了说明方便，每个框的左上角都做了数字标记。我们由底层向上理解：\r\n</p>\r\n<ul style=\"box-sizing:border-box;color:#747474;font-family:\'Microsoft Yahei\';font-size:13px;line-height:20px;white-space:normal;background-color:#FFFFFF;\">\r\n	<li style=\"box-sizing:border-box;\">\r\n		最下层(框0)是模块化框架，UI2目前遵循AMD模块化标准，采用requirejs实现。这是UI2的基础，UI2所有的资源(js、css、html等)都是模块，都采用模块化方式引入，采用模块化方式管理依赖；\r\n	</li>\r\n	<li style=\"box-sizing:border-box;\">\r\n		第二层(框1)是组件化框架，组件化框架提供组件规范和组件生命周期管理能力，组件化框架的实现本身也是js模块，并且依赖公共模块MVVM和JQuery；\r\n	</li>\r\n	<li style=\"box-sizing:border-box;\">\r\n		第三层是具体的组件层，按照组件化规范实现的各种组件，每个组件有一个主js模块代表该组件，除了这个主js模块，每个组件还可包含多个js模块、css模块和图片等其它资源。UI2已经提供了丰富的组件，UI2自身提供的这些组件基于bootstrap样式库。当然，如果希望采用别的样式库，也可引入别的样式库，并且基于此样式库来制作组件；\r\n	</li>\r\n	<li style=\"box-sizing:border-box;\">\r\n		第四层页面层，首先一个页面由.w、.js和.css模块构成，在逻辑上页面由多个组件组成，同时页面也可以包含子页面。\r\n	</li>\r\n</ul>\r\n<h2 data-fontsize=\"18\" data-lineheight=\"27\" style=\"box-sizing:border-box;color:#333333;margin:0em 0px 1.1em;font-family:\'Microsoft Yahei\';font-weight:400;padding-bottom:0px;font-size:18px;line-height:27px;white-space:normal;background-color:#FFFFFF;\">\r\n	UI2框架的目录组织\r\n</h2>\r\n<p style=\"box-sizing:border-box;margin-top:0px;margin-bottom:20px;color:#747474;font-family:\'Microsoft Yahei\';font-size:13px;line-height:20px;white-space:normal;background-color:#FFFFFF;\">\r\n	UI2框架核心在UI2/system/lib和UI2/system/components两个目录里。\r\n</p>\r\n<h3 data-fontsize=\"16\" data-lineheight=\"24\" style=\"box-sizing:border-box;margin-top:1em;margin-bottom:1em;font-family:\'Microsoft Yahei\';font-weight:400;font-size:16px;line-height:24px;color:#333333;white-space:normal;background-color:#FFFFFF;\">\r\n	UI2/system/lib目录\r\n</h3>\r\n<p style=\"box-sizing:border-box;margin-top:0px;margin-bottom:20px;color:#747474;font-family:\'Microsoft Yahei\';font-size:13px;line-height:20px;white-space:normal;background-color:#FFFFFF;\">\r\n	<a href=\"http://doc.wex5.com/wp-content/uploads/2015/04/system-lib-01.png\" data-caption=\"\" style=\"box-sizing:border-box;text-decoration:none;color:#333333;\"><img class=\"alignnone size-full wp-image-4242\" src=\"http://doc.wex5.com/wp-content/uploads/2015/04/system-lib-01.png\" alt=\"system-lib-01\" width=\"306\" height=\"256\" srcset=\"http://doc.wex5.com/wp-content/uploads/2015/04/system-lib-01-300x251.png 300w, http://doc.wex5.com/wp-content/uploads/2015/04/system-lib-01.png 306w\" sizes=\"(max-width: 306px) 100vw, 306px\" style=\"box-sizing:border-box;border-style:none;vertical-align:top;max-width:100%;height:auto;\" /></a>\r\n</p>\r\n<p style=\"box-sizing:border-box;margin-top:0px;margin-bottom:20px;color:#747474;font-family:\'Microsoft Yahei\';font-size:13px;line-height:20px;white-space:normal;background-color:#FFFFFF;\">\r\n	system/lib 目录里是UI框架的核心js源码，这些js源码是按模块化的视角组织的，包含了很多js文件。\r\n</p>\r\n<h3 data-fontsize=\"16\" data-lineheight=\"24\" style=\"box-sizing:border-box;margin-top:1em;margin-bottom:1em;font-family:\'Microsoft Yahei\';font-weight:400;font-size:16px;line-height:24px;color:#333333;white-space:normal;background-color:#FFFFFF;\">\r\n	UI2/system/components目录\r\n</h3>\r\n<p style=\"box-sizing:border-box;margin-top:0px;margin-bottom:20px;color:#747474;font-family:\'Microsoft Yahei\';font-size:13px;line-height:20px;white-space:normal;background-color:#FFFFFF;\">\r\n	<a href=\"http://doc.wex5.com/wp-content/uploads/2015/04/system-components.png\" data-caption=\"\" style=\"box-sizing:border-box;text-decoration:none;color:#333333;\"><img class=\"alignnone size-full wp-image-4243\" src=\"http://doc.wex5.com/wp-content/uploads/2015/04/system-components.png\" alt=\"system-components\" width=\"325\" height=\"185\" srcset=\"http://doc.wex5.com/wp-content/uploads/2015/04/system-components-300x171.png 300w, http://doc.wex5.com/wp-content/uploads/2015/04/system-components.png 325w\" sizes=\"(max-width: 325px) 100vw, 325px\" style=\"box-sizing:border-box;border-style:none;vertical-align:top;max-width:100%;height:auto;\" /></a>\r\n</p>\r\n<p style=\"box-sizing:border-box;margin-top:0px;margin-bottom:20px;color:#747474;font-family:\'Microsoft Yahei\';font-size:13px;line-height:20px;white-space:normal;background-color:#FFFFFF;\">\r\n	system/components目录里包含了UI2自带的所有组件，有bootstrap组件、justep组件和标准html标签。fragment组件称为组合组件，就是对前面这些组件的常用组合形成再形成一个组件，方便使用。\r\n</p>\r\n<h2 data-fontsize=\"18\" data-lineheight=\"27\" style=\"box-sizing:border-box;color:#333333;margin:0em 0px 1.1em;font-family:\'Microsoft Yahei\';font-weight:400;padding-bottom:0px;font-size:18px;line-height:27px;white-space:normal;background-color:#FFFFFF;\">\r\n	模块合并\r\n</h2>\r\n<p style=\"box-sizing:border-box;margin-top:0px;margin-bottom:20px;color:#747474;font-family:\'Microsoft Yahei\';font-size:13px;line-height:20px;white-space:normal;background-color:#FFFFFF;\">\r\n	lib和components目录包含了很多js模块(文件)、css模块（文件），这些js文件和css文件会被压缩合并成大的文件比如 core.min.js、common.min.js、comp.min.js等，运行时只会请求这些大的压缩合并后的js，这样请求的数量大大减少，可以加快运行速度。当然，如 果调试需要，也可以删除大的压缩合并js，这样系统会自动请求小的js源码，以方便调试系统的js。合适的js合并策略，可以提升页面加载性能，根据常用 需求，系统已经配置好一套合并js的策略。当然如果有个性化需要，可以自定义如何压缩和合并js包，而不用系统已经配置好的压缩合并策略。关于这部分，后 续文章会讲到如何自定义压缩和合并js。\r\n</p>\r\n<p style=\"box-sizing:border-box;margin-top:0px;margin-bottom:20px;color:#747474;font-family:\'Microsoft Yahei\';font-size:13px;line-height:20px;white-space:normal;padding-left:30px;background-color:#FFFFFF;\">\r\n	<span style=\"box-sizing:border-box;color:#00CCFF;\">本文由WeX5君整理，WeX5一款开源免费的<a href=\"http://doc.wex5.com/wex5/\" target=\"_blank\" style=\"box-sizing:border-box;text-decoration:none;color:#00CCFF;\">html5开发工具</a>，<a href=\"http://doc.wex5.com/news\" target=\"_blank\" style=\"box-sizing:border-box;text-decoration:none;color:#00CCFF;\">H5 App</a>开发就用WeX5!</span>\r\n</p>\r\n<p style=\"box-sizing:border-box;margin-top:0px;margin-bottom:20px;color:#747474;font-family:\'Microsoft Yahei\';font-size:13px;line-height:20px;white-space:normal;padding-left:30px;background-color:#FFFFFF;\">\r\n	<span style=\"box-sizing:border-box;color:#00CCFF;\">阅读其他<a href=\"http://doc.wex5.com/?p=3443\" target=\"_blank\" style=\"box-sizing:border-box;text-decoration:none;color:#00CCFF;\">app 开发</a>相关文章：<a href=\"http://doc.wex5.com/?p=3443\" target=\"_blank\" style=\"box-sizing:border-box;text-decoration:none;color:#00CCFF;\">http://doc.wex5.com/?p=3443</a></span>\r\n</p>', '1', '1', '26917', '1461510955', '0', '1');

-- ----------------------------
-- Table structure for `w_text_collect`
-- ----------------------------
DROP TABLE IF EXISTS `w_text_collect`;
CREATE TABLE `w_text_collect` (
  `id` int(10) unsigned NOT NULL AUTO_INCREMENT COMMENT 'id，序号',
  `text_id` int(10) DEFAULT '1' COMMENT '文档id',
  `user_id` int(10) DEFAULT '1' COMMENT '用户id',
  `add_time` int(11) DEFAULT NULL COMMENT '添加时间',
  `status` int(1) DEFAULT '1' COMMENT '数据状态：0不可用，1可用',
  PRIMARY KEY (`id`)
) ENGINE=InnoDB DEFAULT CHARSET=utf8;

-- ----------------------------
-- Records of w_text_collect
-- ----------------------------

-- ----------------------------
-- Table structure for `w_user`
-- ----------------------------
DROP TABLE IF EXISTS `w_user`;
CREATE TABLE `w_user` (
  `id` int(10) unsigned NOT NULL AUTO_INCREMENT,
  `user_phone` varchar(12) DEFAULT '',
  `user_password` varchar(100) NOT NULL DEFAULT '',
  `real_name` varchar(16) DEFAULT '',
  `nick_name` varchar(16) NOT NULL DEFAULT '' COMMENT '真实姓名',
  `image_url` varchar(255) DEFAULT '' COMMENT '头像地址',
  `user_mail` varchar(20) DEFAULT '' COMMENT '用户邮箱',
  `user_age` int(3) DEFAULT '20',
  `user_intro` varchar(255) DEFAULT '',
  `user_sex` int(2) DEFAULT '1' COMMENT '女0 男 ：1',
  `login_time` int(10) DEFAULT '0' COMMENT '登陆时间',
  `role_id` int(10) NOT NULL COMMENT '角色权限',
  `university_name` int(10) NOT NULL DEFAULT '0' COMMENT '学校id',
  `user_type` int(10) NOT NULL DEFAULT '0' COMMENT '0:开发者2：招聘者3：管理员4：其他',
  `check_code` varchar(255) DEFAULT '0' COMMENT '验证码',
  `check_code_time` varchar(255) DEFAULT '0' COMMENT '验证码发送的时间',
  `tyr_login` int(10) DEFAULT '0' COMMENT '五分钟内登录失败的次数（防止恶意破解密码）',
  `try_login_time` int(10) DEFAULT '0' COMMENT '上一次登录失败时间',
  `user_address` varchar(255) DEFAULT '' COMMENT '用户地址',
  `work_name` varchar(100) DEFAULT '' COMMENT '职务',
  `status` int(1) NOT NULL DEFAULT '0' COMMENT '是否启用账号0：不启用 1：启用',
  `three_id` varchar(255) DEFAULT '' COMMENT 'QQuser id',
  `three_type` int(3) DEFAULT '0' COMMENT '0:No  1:qq  2:微信  3：微博',
  `registration_id` varchar(255) DEFAULT '' COMMENT '推送id',
  PRIMARY KEY (`id`)
) ENGINE=InnoDB AUTO_INCREMENT=26945 DEFAULT CHARSET=utf8;

-- ----------------------------
-- Records of w_user
-- ----------------------------
INSERT INTO `w_user` VALUES ('26917', '17826800420', '123456', null, '超级管理员', 'http://42.96.159.122:8080/WeX5_data/default.jpg', '1031397017@qq.com', '20', null, '1', '1462903202', '1', '0', '3', '139828', '1448437904', '0', '1462903202', '12312', '', '1', '', '0', null);
INSERT INTO `w_user` VALUES ('26918', '', '123456', null, '首页管理猿', 'http://42.96.159.122:8080/WeX5_data/default.jpg', '', '20', null, '0', '1447344478', '2', '0', '4', '0', '0', '0', '1447344474', '', '', '1', '', '0', null);
INSERT INTO `w_user` VALUES ('26919', '', '123456', null, '学习管理君', 'http://42.96.159.122:8080/WeX5_data/default.jpg', '', '20', null, '0', '0', '3', '0', '4', '0', '0', '0', '0', '', '', '1', '', '0', null);
INSERT INTO `w_user` VALUES ('26921', '', '704329', null, '嵇建峰', 'http://42.96.159.122:8080/WeX5_data/default.jpg', '1031397108@qq.com', '20', null, '0', '1448857414', '4', '3420', '2', '584099', '1445942887', '1', '1448857390', '杭州市西湖区文一路', '', '1', '', '0', null);
INSERT INTO `w_user` VALUES ('26923', '17826800420', 'jjf1031397017', '', '戴墨镜的鸡', 'http://42.96.159.122:8080/WeX5/static/admin/img/logo.png', '', '20', '', '1', '1462252726', '6', '0', '1', '0', '0', '0', '0', '', '', '1', '26923', '0', 'null');
INSERT INTO `w_user` VALUES ('26925', '17826800216', '050296', '', 'Fanky', 'http://q.qlogo.cn/qqapp/1105342766/83F8DB811EBE4227687EDD3D0130CB85/40', '', '20', '', '1', '1461647176', '6', '0', '1', '0', '0', '0', '0', '', '', '1', '26925', '0', null);
INSERT INTO `w_user` VALUES ('26927', '', '', '', '我就是自己的太阳', 'http://q.qlogo.cn/qqapp/1105342766/5FB51D5B5D9EC6B77578E79B9460740C/40', '', '20', '', '1', '1462168602', '5', '0', '0', '0', '0', '0', '0', '', '', '1', '5FB51D5B5D9EC6B77578E79B9460740C', '1', 'null');
INSERT INTO `w_user` VALUES ('26931', '', '', '', 'yakeri', 'http://q.qlogo.cn/qqapp/1105342766/644BD51EB1C15DD821D28E52AB6ABC78/40', '', '20', '', '1', '1461422867', '5', '0', '0', '0', '0', '0', '0', '', '', '1', '644BD51EB1C15DD821D28E52AB6ABC78', '1', null);
INSERT INTO `w_user` VALUES ('26932', '', '', '', '54鱼鱼', 'http://q.qlogo.cn/qqapp/1105342766/F4CFD01A7A18DB6C30FD94964352D5C5/40', '', '20', '', '1', '1461396425', '5', '0', '0', '0', '0', '0', '0', '', '', '0', 'F4CFD01A7A18DB6C30FD94964352D5C5', '1', null);
INSERT INTO `w_user` VALUES ('26934', '', '', '', '蠢萌', 'http://q.qlogo.cn/qqapp/1105342766/B488998BF5CB6685223F02E49D0D7A1F/40', '', '20', '', '1', '1462161348', '5', '0', '0', '0', '0', '0', '0', '', '', '1', 'B488998BF5CB6685223F02E49D0D7A1F', '1', null);
INSERT INTO `w_user` VALUES ('26943', '17764505923', '123456', '', '吉他黄', 'http://42.96.159.122:8080/WeX5_data/default.jpg', '', '20', '', '1', '1461504500', '6', '0', '1', '0', '0', '0', '0', '', '', '1', '26943', '0', null);
INSERT INTO `w_user` VALUES ('26944', '', '', '', 'Fanky', 'http://q.qlogo.cn/qqapp/1105342766/83F8DB811EBE4227687EDD3D0130CB85/40', '', '20', '', '0', '1461646960', '5', '0', '0', '0', '0', '0', '0', '', '', '1', '83F8DB811EBE4227687EDD3D0130CB85', '1', null);

-- ----------------------------
-- Table structure for `w_video`
-- ----------------------------
DROP TABLE IF EXISTS `w_video`;
CREATE TABLE `w_video` (
  `id` int(10) unsigned NOT NULL AUTO_INCREMENT COMMENT '序号，主键',
  `video_image` varchar(255) DEFAULT '' COMMENT '封面图片',
  `title` varchar(50) DEFAULT '' COMMENT '视频标题',
  `video_url` varchar(255) DEFAULT '' COMMENT '视频地址',
  `video_intro` varchar(1000) DEFAULT NULL COMMENT '视频介绍',
  `click_count` int(10) DEFAULT '0' COMMENT '视频播放量，默认0',
  `user_id` int(10) DEFAULT '0' COMMENT '添加人',
  `add_time` int(8) DEFAULT '0' COMMENT '添加时间',
  `video_time` varchar(255) DEFAULT '' COMMENT '视频时间',
  `sort_number` int(11) DEFAULT '0' COMMENT '排序值，约大越靠前',
  `video_type` int(1) DEFAULT '1' COMMENT '视频等级：1：入门；2：初级；3：中级；4：高级',
  `status` int(1) DEFAULT '1' COMMENT '视频状态:0：不可用；1：可用,默认1',
  PRIMARY KEY (`id`)
) ENGINE=InnoDB AUTO_INCREMENT=8 DEFAULT CHARSET=utf8;

-- ----------------------------
-- Records of w_video
-- ----------------------------
INSERT INTO `w_video` VALUES ('3', 'http://42.96.159.122:8080/WeX5_data/image/20160416/BoqKrTcRPh_!!600x337.png', '初识WeX5', 'http://42.96.159.122:8080/WeX5_data/video/20160418/lEqUTPShNg_!!1595490.mp4', 'WeX5采用Apache许可证开源模式，商业友好，完全免费。基于WeX5开发出来的应用，每一行代码都在你手里，发布部署无任何限制，完全自由免费。', '0', '26917', '1461069127', '00:00:20', '3', '1', '1');
INSERT INTO `w_video` VALUES ('4', 'http://42.96.159.122:8080/WeX5_data/image/20160416/VOQUhtnkfR_!!1429x796.png', '页面组件介绍', 'http://42.96.159.122:8080/WeX5_data/video/20160410/BOQKcJwSAm_!!67305472.mp4', '页面代码介绍 &nbsp;&nbsp;', '0', '26917', '1461069131', '00:21:26', '2', '2', '1');
INSERT INTO `w_video` VALUES ('6', 'http://42.96.159.122:8080/WeX5_data/image/20160416/BequrTctfd_!!1430x800.png', '开发欢乐捕鱼app', 'http://42.96.159.122:8080/WeX5_data/video/20160416/LOQARhJeHD_!!36607636.mp4', '<p>\r\n	<span style=\"font-size:32px;\">开发欢乐捕鱼app</span> \r\n</p>\r\n<p>\r\n	<span style=\"font-size:32px;\"><img src=\"http://42.96.159.122:8080/WeX5_data/image/20160416/VoquRrjNeS_!!1600x1200.jpg\" width=\"200\" height=\"150\" alt=\"\" /></span> \r\n</p>', '0', '26917', '1460858995', '00:08:09', '1', '3', '1');
INSERT INTO `w_video` VALUES ('7', 'http://localhost:8080/WeX5_data/image/20160511/boqCjauwTB_!!604x378.png', '123123', 'http://localhost:8080/WeX5_data/video/20160426/BOqlGEhFWr_!!10051559.mp4', '12312312312312', '0', '26917', '1462900291', '00:29', '123123', '2', '1');

-- ----------------------------
-- Table structure for `w_video_collect`
-- ----------------------------
DROP TABLE IF EXISTS `w_video_collect`;
CREATE TABLE `w_video_collect` (
  `id` int(10) unsigned NOT NULL AUTO_INCREMENT COMMENT 'id，序号',
  `video_id` int(10) DEFAULT '1' COMMENT '视频id',
  `user_id` int(10) DEFAULT '1' COMMENT '用户id',
  `add_time` int(11) DEFAULT NULL COMMENT '添加时间',
  `status` int(1) DEFAULT '1' COMMENT '数据状态：0不可用，1可用',
  PRIMARY KEY (`id`)
) ENGINE=InnoDB DEFAULT CHARSET=utf8;

-- ----------------------------
-- Records of w_video_collect
-- ----------------------------
